id,kategori,metin,kalite_1_5,hedef
419,Tasarım / Dekorasyon,"Uzun zamandır beton saksı yapıyorum. kalıba döküp zımparalıyorum; beyaz çimento tercih ediyorum. Sukulentlerime yakışsın diye; her biri iki günde. Modern dekor sevenler için uygundur (özel tasarım, el yapımı dekor, ev dekorasyonu).",4,1
458,Tasarım / Dekorasyon,"Yeni bir makrome duvar süsü daha hazır. doğal pamuk ip kullanıyorum, düğüm düğüm örüyorum. Bir tanesi üç günümü alıyor, Boş duvarlar canlansın diye yapıyorum. Hayatınıza.
#özeltasarım #elyapımıdekor #evdekorasyonu",4,1
147,Gıda,"Domates salçası — sizler için. Her biri ilmeğinde, anlamlı bir hediye. Sevgiyle hazırlandı, göz nuru.",2,0
84,Tekstil / El sanatı,örgü atkı yapıyorum. Malzeme olarak yumuşak merinos yünü seçtim ve şişle örüyorum. Kışın üşüyen boyunlar için çalışıyorum; bir tanesi iki günümü alıyor.,5,1
40,Tekstil / El sanatı,"Uzun zamandır ekmek torbası yapıyorum. Malzeme olarak keten kumaş seçtim ve kendim dikiyorum. Doğal saklama sevenler için uygundur (el emeği, doğal kumaş).",5,1
392,Tasarım / Dekorasyon,"kuru çiçek panosu hazırlıyorum. Bir tanesi bir hafta sürüyor, Elimdeki çiçeğe göre her biri farklı yapıyorum. Doğal dekor sevenler için uygundur (ev dekorasyonu, el yapımı dekor).",5,1
113,Tekstil / El sanatı,"Bu nakışlı yastık kılıfı bana ait. Malzeme olarak pamuklu kumaş seçtim ve iğne oyasıyla işliyorum. Bir tanesi beş gün sürüyor, Annemin çeyizindeki motiflerle yapıyorum.
#elyapımı #doğalkumaş #elemeği",4,1
22,Tekstil / El sanatı,"Dünyanın garanti bebek battaniyesi! Mucize, en iyi. Kalitesiyle rakipsiz, kesinlikle pişman olmayacaksınız.",2,0
167,Gıda,"Uzun zamandır tarhana yapıyorum. geleneksel yöntemle mayalıyorum; domates biber soğan ve yoğurt tercih ediyorum. Bir tanesi yirmi gün sürüyor, Köyümüzün usulüyle yapıyorum. Kış hazırlığı yapanlar için uygundur (ev yapımı, katkısız, geleneksel).",4,1
204,Gıda,"Dünyanın en iyi vişne reçeli! Birebir, mucize. Kalitesiyle rakipsiz, kesinlikle pişman olmayacaksınız.",2,0
192,Gıda,"Bu vişne reçeli bana ait. bakır kazanda pişiriyorum; bahçemizin vişnesi tercih ediyorum. Bir tanesi bir günümü alıyor, Şeker dışında hiçbir şey katmadan yapıyorum. Kahvaltılık doğal reçel sevenler için uygundur (doğal, geleneksel).",5,1
223,Gıda,"ev makarnası hazırlıyorum. köy yumurtası ve un kullanıyorum, elde açıp kesiyorum. El yapımı erişte sevenler için uygundur (geleneksel, ev yapımı, doğal). Sevgiyle hazırlan.
#geleneksel #doğal #katkısız",4,1
284,Takı / Aksesuar,Gümüş kolye. En uygun fiyatlarla sizlerle. Müşteri memnuniyeti önceliğimizdir.,2,0
295,Takı / Aksesuar,"Yeni bir makrome bileklik daha hazır. elde örüyorum; pamuk ip ve doğal taş tercih ediyorum.
#hediye #elyapımıtakı #özeltasarım",4,1
65,Tekstil / El sanatı,"Elimden keçe bebek patiği çıkıyor. elde dikiyorum; doğal boyalı yün keçe tercih ediyorum. Bir tanesi bir günde bir çift, Kızımın ilk patiğinden esinlenerek yapıyorum. Bebek hediyesi arayanlar için uygundur (hediyelik, el emeği).",5,1
276,Takı / Aksesuar,"gümüş kolye yapıyorum. tel sarma tekniğiyle yapıyorum; 925 ayar gümüş tel tercih ediyorum. Her biri tek olsun diye çalışıyorum; bir tanesi bir günümü alıyor. Özel tasarım takı sevenler için uygundur (el yapımı takı, özel tasarım). Süper.
#özeltasarım #hediye #elyapımıtakı",4,1
63,Tekstil / El sanatı,"Bu keçe bebek patiği bana ait. Malzeme olarak doğal boyalı yün keçe seçtim ve elde dikiyorum. Kızımın ilk patiğinden esinlenerek çalışıyorum; bir tanesi bir günde bir çift. Bebek hediyesi arayanlar için uygundur (el emeği, doğal kumaş).
#hediyelik #doğalkumaş #elemeği",4,1
16,Tekstil / El sanatı,"Elimden bebek battaniyesi çıkıyor. Malzeme olarak organik pamuk ipliği seçtim ve tamamen elde örüyorum. Anneannemden öğrendiğim desenle; her biri üç günümü alıyor. Yeni doğan hediyesi arayanlar için uygundur (doğal kumaş, el yapımı, hediyelik). Hayatınıza.",4,1
277,Takı / Aksesuar,"Gümüş kolye — ayrı bir özen. Her biri sizler için, özenli bir dokunuş. Sevgiyle hazırlandı, göz nuru.",1,0
416,Tasarım / Dekorasyon,"Kuru çiçek panosu (el yapımı dekor, özel tasarım). Kendim topladığım çiçekler ile kurutup çerçeveliyorum. Süper! Sizler için özenle seçilmiş ürünler.",3,0
270,Takı / Aksesuar,Uzun zamandır gümüş kolye yapıyorum. tel sarma tekniğiyle yapıyorum; 925 ayar gümüş tel tercih ediyorum. Her biri tek olsun diye; her biri bir günümü alıyor.,4,1
316,Takı / Aksesuar,Uzun zamandır boncuk küpe yapıyorum. tek tek diziyorum; cam boncuk ve pirinç tercih ediyorum.,5,1
454,Tasarım / Dekorasyon,"Elimden makrome duvar süsü çıkıyor. düğüm düğüm örüyorum; doğal pamuk ip tercih ediyorum. Bir tanesi üç günümü alıyor, Boş duvarlar canlansın diye yapıyorum. Bohem dekor sevenler için uygundur (özel tasarım, el yapımı dekor, ev dekorasyonu).
#elyapımıdekor #evdekorasyonu #özeltasarım",5,1
410,Tasarım / Dekorasyon,Kuru çiçek panosu var.,2,0
218,Gıda,ev makarnası hazırlıyorum. Malzeme olarak köy yumurtası ve un seçtim ve elde açıp kesiyorum. Babaannemin açtığı gibi; her biri yarım gün sürüyor.,5,1
324,Takı / Aksesuar,"Yeni bir boncuk küpe daha hazır. Bir tanesi yarım günde, Renkleri kendim eşleştirerek yapıyorum. Renkli takı sevenler için uygundur (özel tasarım, el yapımı takı).
#elyapımıtakı #özeltasarım #hediye",5,1
156,Gıda,"Domates salçası (katkısız, doğal). Kendi bahçemizin domatesi ile güneşte kurutuyorum. Son fırsat! En uygun fiyatlarla sizlerle.",3,0
23,Tekstil / El sanatı,"Muhteşem bebek battaniyesi! Hemen alın, inanılmaz! Efsane — stoklar tükenmeden sipariş verin!",3,0
126,Tekstil / El sanatı,"Dünyanın yüzde yüz nakışlı yastık kılıfı! Tek adres, şifalı. Kalitesiyle rakipsiz, kesinlikle pişman olmayacaksınız.",2,0
221,Gıda,"ev makarnası yapıyorum. elde açıp kesiyorum; köy yumurtası ve un tercih ediyorum. Bir tanesi yarım gün sürüyor, Babaannemin açtığı gibi yapıyorum. El yapımı erişte sevenler için uygundur (katkısız).
#geleneksel #doğal #katkısız",4,1
263,Takı / Aksesuar,"Bu gümüş kolye bana ait. 925 ayar gümüş tel kullanıyorum, tel sarma tekniğiyle yapıyorum. Her biri tek olsun diye; her biri bir günümü alıyor. Özel tasarım takı sevenler için uygundur (el yapımı takı, hediye).",5,1
110,Tekstil / El sanatı,"Sizlere nakışlı yastık kılıfı hazırladım. iğne oyasıyla işliyorum; pamuklu kumaş tercih ediyorum. Bir tanesi beş gün sürüyor, Annemin çeyizindeki motiflerle yapıyorum. El işi dekor sevenler için uygundur (hediyelik).",5,1
439,Tasarım / Dekorasyon,"Efsane beton saksı! Büyük indirim, bayılacaksınız! Acele — stoklar tükenmeden sipariş verin!",1,0
9,Tekstil / El sanatı,"Sizlere bebek battaniyesi hazırladım. Malzeme olarak organik pamuk ipliği seçtim ve tamamen elde örüyorum. Anneannemden öğrendiğim desenle; her biri üç günümü alıyor. Yeni doğan hediyesi arayanlar için uygundur (el emeği, doğal kumaş).",5,1
17,Tekstil / El sanatı,"Bebek battaniyesi — özenle hazırlan. Her biri değer katacak, ayrı bir sanat eseri. Sevgiyle hazırlandı, göz nuru.",3,0
18,Tekstil / El sanatı,"Dünyanın mucize bebek battaniyesi! Garanti, bir numara. Kalitesiyle rakipsiz, kesinlikle pişman olmayacaksınız.",1,0
201,Gıda,"Muhteşem vişne reçeli! Son fırsat, tam size göre! Bayılacaksınız — stoklar tükenmeden sipariş verin!",2,0
3,Tekstil / El sanatı,"Elimden bebek battaniyesi çıkıyor. tamamen elde örüyorum; organik pamuk ipliği tercih ediyorum. Anneannemden öğrendiğim desenle çalışıyorum; bir tanesi üç günümü alıyor. Yeni doğan hediyesi arayanlar için uygundur (doğal kumaş).
#hediyelik #elyapımı #doğalkumaş",5,1
447,Tasarım / Dekorasyon,"Sizlere makrome duvar süsü hazırladım. doğal pamuk ip kullanıyorum, düğüm düğüm örüyorum. Bohem dekor sevenler için uygundur (el yapımı dekor, ev dekorasyonu, özel tasarım).",4,1
265,Takı / Aksesuar,Sizlere gümüş kolye hazırladım. tel sarma tekniğiyle yapıyorum; 925 ayar gümüş tel tercih ediyorum. Her biri tek olsun diye; her biri bir günümü alıyor. Özel tasarım takı sevenler için uygundur (hediye).,4,1
179,Gıda,"Hemen alın tarhana! Hayran kalacaksınız, fırsat kaçmaz! Büyük indirim — stoklar tükenmeden sipariş verin!",1,0
287,Takı / Aksesuar,"makrome bileklik hazırlıyorum. elde örüyorum; pamuk ip ve doğal taş tercih ediyorum. Denizde bile takılabilsin diye; her biri bir saatte. Yazlık aksesuar arayanlar için uygundur (özel tasarım, el yapımı takı).",5,1
351,Takı / Aksesuar,deri anahtarlık yapıyorum. kesip elde dikiyorum; hakiki dana derisi tercih ediyorum. Dayanıklı olsun diye çalışıyorum; bir tanesi bir saatte.,4,1
453,Tasarım / Dekorasyon,"makrome duvar süsü hazırlıyorum. doğal pamuk ip kullanıyorum, düğüm düğüm örüyorum. Boş duvarlar canlansın diye; her biri üç günümü alıyor. Bohem dekor sevenler için uygundur (özel tasarım, ev dekorasyonu).",5,1
44,Tekstil / El sanatı,"Dünyanın en kaliteli ekmek torbası! Kesin sonuç, yüzde yüz. Kalitesiyle rakipsiz, kesinlikle pişman olmayacaksınız.",1,0
288,Takı / Aksesuar,"Yeni bir makrome bileklik daha hazır. pamuk ip ve doğal taş kullanıyorum, elde örüyorum. Denizde bile takılabilsin diye; her biri bir saatte. Yazlık aksesuar arayanlar için uygundur (hediye, özel tasarım, el yapımı takı).
#özeltasarım #elyapımıtakı #hediye",5,1
148,Gıda,"Dünyanın dünyanın en domates salçası! Mucize, kesin sonuç. Kalitesiyle rakipsiz, kesinlikle pişman olmayacaksınız.",2,0
92,Tekstil / El sanatı,"örgü atkı yapıyorum. şişle örüyorum; yumuşak merinos yünü tercih ediyorum. Kışın üşüyen boyunlar için; her biri iki günümü alıyor. Sıcak tutan aksesuar sevenler için uygundur (doğal kumaş, el yapımı).
#doğalkumaş #elemeği #hediyelik",5,1
396,Tasarım / Dekorasyon,"Elimden kuru çiçek panosu çıkıyor. kurutup çerçeveliyorum; kendim topladığım çiçekler tercih ediyorum. Elimdeki çiçeğe göre her biri farklı; her biri bir hafta sürüyor. Doğal dekor sevenler için uygundur (el yapımı dekor, ev dekorasyonu, özel tasarım).
#özeltasarım #evdekorasyonu #elyapımıdekor",4,1
371,Tasarım / Dekorasyon,ahşap kesme tahtası hazırlıyorum. Malzeme olarak ceviz ve kayın ağacı seçtim ve gıdaya uygun yağla cilalıyorum. Mutfak hediyesi arayanlar için uygundur (el yapımı dekor).,4,1
322,Takı / Aksesuar,"boncuk küpe yapıyorum. Malzeme olarak cam boncuk ve pirinç seçtim ve tek tek diziyorum. Renkleri kendim eşleştirerek; her biri yarım günde. Renkli takı sevenler için uygundur (hediye, el yapımı takı, özel tasarım).",5,1
440,Tasarım / Dekorasyon,Beton saksı. Müşteri memnuniyeti önceliğimizdir. En uygun fiyatlarla sizlerle.,2,0
278,Takı / Aksesuar,"Dünyanın şifalı gümüş kolye! En kaliteli, eşi benzeri yok. Kalitesiyle rakipsiz, kesinlikle pişman olmayacaksınız.",1,0
338,Takı / Aksesuar,"Boncuk küpe (özel tasarım, el yapımı takı). Cam boncuk ve pirinç ile tek tek diziyorum. Kaçırmayın! Siparişleriniz özenle hazırlanır.",3,0
125,Tekstil / El sanatı,"Nakışlı yastık kılıfı — göz nuru. Her biri hayatınıza, ayrı bir özen. Sevgiyle hazırlandı, göz nuru.",2,0
358,Takı / Aksesuar,Uygun fiyata deri anahtarlık.,2,0
73,Tekstil / El sanatı,"Keçe bebek patiği — değer katacak. Her biri ayrı bir özen, fark yaratan. Sevgiyle hazırlandı, göz nuru.",2,0
289,Takı / Aksesuar,"Sizlere makrome bileklik hazırladım. Bir tanesi bir saatte, Denizde bile takılabilsin diye yapıyorum. Yazlık aksesuar arayanlar için uygundur (hediye, özel tasarım, el yapımı takı).",4,1
42,Tekstil / El sanatı,"ekmek torbası hazırlıyorum. kendim dikiyorum; keten kumaş tercih ediyorum. Ekmeği bayatlatmasın diye; her biri bir saatte bitiyor. Doğal saklama sevenler için uygundur (hediyelik, el yapımı). Ayrı bir özen.
#hediyelik #elyapımı #doğalkumaş",4,1
258,Gıda,Kuru kayısı marmelatı. Siparişleriniz özenle hazırlanır. Kaliteli ürünlerimizle hizmetinizdeyiz.,2,0
445,Tasarım / Dekorasyon,"Bu makrome duvar süsü bana ait. düğüm düğüm örüyorum; doğal pamuk ip tercih ediyorum. Bir tanesi üç günümü alıyor, Boş duvarlar canlansın diye yapıyorum. Bohem dekor sevenler için uygundur (el yapımı dekor, ev dekorasyonu).",5,1
251,Gıda,"Kuru kayısı marmelatı — göz nuru. Her biri vazgeçilmez, ayrı bir sanat eseri. Sevgiyle hazırlandı, göz nuru.",2,0
456,Tasarım / Dekorasyon,"makrome duvar süsü yapıyorum. doğal pamuk ip kullanıyorum, düğüm düğüm örüyorum. Boş duvarlar canlansın diye çalışıyorum; bir tanesi üç günümü alıyor. Bohem dekor sevenler için uygundur (ev dekorasyonu, özel tasarım).",4,1
80,Tekstil / El sanatı,"Bu örgü atkı bana ait. şişle örüyorum; yumuşak merinos yünü tercih ediyorum. Bir tanesi iki günümü alıyor, Kışın üşüyen boyunlar için yapıyorum. Sıcak tutan aksesuar sevenler için uygundur (doğal kumaş).",5,1
306,Takı / Aksesuar,Makrome bileklik satılık.,1,0
301,Takı / Aksesuar,"Uzun zamandır makrome bileklik yapıyorum. Malzeme olarak pamuk ip ve doğal taş seçtim ve elde örüyorum. Yazlık aksesuar arayanlar için uygundur (el yapımı takı, özel tasarım). Efsane.
#elyapımıtakı #hediye #özeltasarım",4,1
315,Takı / Aksesuar,"Yeni bir boncuk küpe daha hazır. tek tek diziyorum; cam boncuk ve pirinç tercih ediyorum. Bir tanesi yarım günde, Renkleri kendim eşleştirerek yapıyorum. Renkli takı sevenler için uygundur (hediye, el yapımı takı, özel tasarım).",4,1
114,Tekstil / El sanatı,"Sizlere nakışlı yastık kılıfı hazırladım. pamuklu kumaş kullanıyorum, iğne oyasıyla işliyorum. Annemin çeyizindeki motiflerle; her biri beş gün sürüyor. El işi dekor sevenler için uygundur (doğal kumaş).
#elyapımı #doğalkumaş #elemeği",4,1
120,Tekstil / El sanatı,"Elimden nakışlı yastık kılıfı çıkıyor. iğne oyasıyla işliyorum; pamuklu kumaş tercih ediyorum. Annemin çeyizindeki motiflerle çalışıyorum; bir tanesi beş gün sürüyor. El işi dekor sevenler için uygundur (hediyelik, doğal kumaş, el yapımı). Süper.",4,1
375,Tasarım / Dekorasyon,"ahşap kesme tahtası hazırlıyorum. Malzeme olarak ceviz ve kayın ağacı seçtim ve gıdaya uygun yağla cilalıyorum. Isteyene isim yazarak çalışıyorum; bir tanesi iki günümü alıyor. Mutfak hediyesi arayanlar için uygundur (özel tasarım).
#elyapımıdekor #özeltasarım #evdekorasyonu",5,1
227,Gıda,"Hayran kalacaksınız ev makarnası! Hemen alın, efsane! Acele — stoklar tükenmeden sipariş verin!",1,0
242,Gıda,"kuru kayısı marmelatı hazırlıyorum. Malzeme olarak Malatya kayısısı seçtim ve düşük ateşte kaynatıyorum. Doğal tatlı arayanlar için uygundur (doğal, katkısız, ev yapımı).",5,1
282,Takı / Aksesuar,"Dünyanın garanti gümüş kolye! Tek adres, piyasanın en. Kalitesiyle rakipsiz, kesinlikle pişman olmayacaksınız.",1,0
146,Gıda,"Sizlere domates salçası hazırladım. kendi bahçemizin domatesi kullanıyorum, güneşte kurutuyorum. Sadece domates ve tuz katıyorum; her biri bir hafta sürüyor. Katkısız ürün arayanlar için uygundur (doğal, geleneksel, ev yapımı). Eşsiz bir deneyim.",4,1
95,Tekstil / El sanatı,"Örgü atkı — göz nuru. Her biri emek ve özen, fark yaratan. Sevgiyle hazırlandı, göz nuru.",3,0
190,Gıda,Bu vişne reçeli bana ait. Malzeme olarak bahçemizin vişnesi seçtim ve bakır kazanda pişiriyorum. Şeker dışında hiçbir şey katmadan; her biri bir günümü alıyor. Kahvaltılık doğal reçel sevenler için uygundur (doğal).,4,1
186,Gıda,"vişne reçeli yapıyorum. Bir tanesi bir günümü alıyor, Şeker dışında hiçbir şey katmadan yapıyorum. Kahvaltılık doğal reçel sevenler için uygundur (ev yapımı, katkısız).",4,1
50,Tekstil / El sanatı,Ekmek torbası. Ürün gamımızı keşfedin. Sizler için özenle seçilmiş ürünler.,3,0
137,Gıda,"domates salçası yapıyorum. kendi bahçemizin domatesi kullanıyorum, güneşte kurutuyorum. Katkısız ürün arayanlar için uygundur (katkısız, ev yapımı, doğal).",4,1
29,Tekstil / El sanatı,"Uzun zamandır ekmek torbası yapıyorum. Malzeme olarak keten kumaş seçtim ve kendim dikiyorum. Ekmeği bayatlatmasın diye; her biri bir saatte bitiyor. Doğal saklama sevenler için uygundur (el yapımı, doğal kumaş, hediyelik).",4,1
123,Tekstil / El sanatı,"Muhteşem nakışlı yastık kılıfı! Efsane, süper! Büyük indirim — stoklar tükenmeden sipariş verin!",3,0
427,Tasarım / Dekorasyon,Yeni bir beton saksı daha hazır. Malzeme olarak beyaz çimento seçtim ve kalıba döküp zımparalıyorum. Sukulentlerime yakışsın diye çalışıyorum; bir tanesi iki günde.,5,1
366,Tasarım / Dekorasyon,"Sizlere ahşap kesme tahtası hazırladım. Malzeme olarak ceviz ve kayın ağacı seçtim ve gıdaya uygun yağla cilalıyorum. Isteyene isim yazarak çalışıyorum; bir tanesi iki günümü alıyor. Mutfak hediyesi arayanlar için uygundur (ev dekorasyonu, el yapımı dekor).",4,1
271,Takı / Aksesuar,"Elimden gümüş kolye çıkıyor. 925 ayar gümüş tel kullanıyorum, tel sarma tekniğiyle yapıyorum. Bir tanesi bir günümü alıyor, Her biri tek olsun diye yapıyorum. Özel tasarım takı sevenler için uygundur (hediye, el yapımı takı, özel tasarım).",4,1
160,Gıda,"Uzun zamandır tarhana yapıyorum. geleneksel yöntemle mayalıyorum; domates biber soğan ve yoğurt tercih ediyorum. Bir tanesi yirmi gün sürüyor, Köyümüzün usulüyle yapıyorum. Kış hazırlığı yapanlar için uygundur (ev yapımı, geleneksel, doğal).
#katkısız #geleneksel #doğal",5,1
348,Takı / Aksesuar,"Uzun zamandır deri anahtarlık yapıyorum. kesip elde dikiyorum; hakiki dana derisi tercih ediyorum. Bir tanesi bir saatte, Dayanıklı olsun diye yapıyorum. Sade hediye arayanlar için uygundur (özel tasarım, hediye).",4,1
70,Tekstil / El sanatı,"Dünyanın mucize keçe bebek patiği! Kesin sonuç, piyasanın en. Kalitesiyle rakipsiz, kesinlikle pişman olmayacaksınız.",2,0
291,Takı / Aksesuar,Uzun zamandır makrome bileklik yapıyorum. Malzeme olarak pamuk ip ve doğal taş seçtim ve elde örüyorum. Denizde bile takılabilsin diye; her biri bir saatte. Yazlık aksesuar arayanlar için uygundur (el yapımı takı).,4,1
38,Tekstil / El sanatı,"ekmek torbası yapıyorum. Malzeme olarak keten kumaş seçtim ve kendim dikiyorum. Doğal saklama sevenler için uygundur (el yapımı, el emeği, doğal kumaş).
#hediyelik #elyapımı #elemeği",4,1
415,Tasarım / Dekorasyon,"Kuru çiçek panosu (ev dekorasyonu, el yapımı dekor). Kendim topladığım çiçekler ile kurutup çerçeveliyorum. Süper! Siparişleriniz özenle hazırlanır.",3,0
153,Gıda,"Acele domates salçası! Son fırsat, büyük indirim! Efsane — stoklar tükenmeden sipariş verin!",1,0
397,Tasarım / Dekorasyon,"Yeni bir kuru çiçek panosu daha hazır. kurutup çerçeveliyorum; kendim topladığım çiçekler tercih ediyorum. Bir tanesi bir hafta sürüyor, Elimdeki çiçeğe göre her biri farklı yapıyorum.",5,1
451,Tasarım / Dekorasyon,"Elimden makrome duvar süsü çıkıyor. doğal pamuk ip kullanıyorum, düğüm düğüm örüyorum. Bohem dekor sevenler için uygundur (ev dekorasyonu, özel tasarım, el yapımı dekor).",5,1
404,Tasarım / Dekorasyon,"Bu kuru çiçek panosu bana ait. Malzeme olarak kendim topladığım çiçekler seçtim ve kurutup çerçeveliyorum. Elimdeki çiçeğe göre her biri farklı; her biri bir hafta sürüyor. Doğal dekor sevenler için uygundur (el yapımı dekor, özel tasarım, ev dekorasyonu).
#elyapımıdekor #özeltasarım #evdekorasyonu",4,1
112,Tekstil / El sanatı,"Bu nakışlı yastık kılıfı bana ait. Annemin çeyizindeki motiflerle çalışıyorum; bir tanesi beş gün sürüyor. El işi dekor sevenler için uygundur (el emeği, el yapımı).",5,1
357,Takı / Aksesuar,"Son fırsat deri anahtarlık! Fırsat kaçmaz, mükemmel! Muhteşem — stoklar tükenmeden sipariş verin!",1,0
97,Tekstil / El sanatı,"Süper örgü atkı! Fırsat kaçmaz, son fırsat! Muhteşem — stoklar tükenmeden sipariş verin!",2,0
177,Gıda,"Tarhana — özenli bir dokunuş. Her biri vazgeçilmez, göz nuru. Sevgiyle hazırlandı, göz nuru.",2,0
272,Takı / Aksesuar,"Bu gümüş kolye bana ait. 925 ayar gümüş tel kullanıyorum, tel sarma tekniğiyle yapıyorum. Bir tanesi bir günümü alıyor, Her biri tek olsun diye yapıyorum. Özel tasarım takı sevenler için uygundur (hediye).",5,1
8,Tekstil / El sanatı,"Elimden bebek battaniyesi çıkıyor. organik pamuk ipliği kullanıyorum, tamamen elde örüyorum. Anneannemden öğrendiğim desenle çalışıyorum; bir tanesi üç günümü alıyor. Yeni doğan hediyesi arayanlar için uygundur (doğal kumaş, el emeği).",5,1
457,Tasarım / Dekorasyon,"Yeni bir makrome duvar süsü daha hazır. düğüm düğüm örüyorum; doğal pamuk ip tercih ediyorum. Boş duvarlar canlansın diye çalışıyorum; bir tanesi üç günümü alıyor. Bohem dekor sevenler için uygundur (özel tasarım, el yapımı dekor). Ayrı bir özen.
#elyapımıdekor #özeltasarım #evdekorasyonu",4,1
300,Takı / Aksesuar,"makrome bileklik yapıyorum. pamuk ip ve doğal taş kullanıyorum, elde örüyorum. Denizde bile takılabilsin diye; her biri bir saatte. Yazlık aksesuar arayanlar için uygundur (özel tasarım, hediye, el yapımı takı).",5,1
19,Tekstil / El sanatı,"Süper bebek battaniyesi! Harika, acele! Hemen alın — stoklar tükenmeden sipariş verin!",2,0
182,Gıda,"Tarhana (katkısız, doğal). Domates biber soğan ve yoğurt ile geleneksel yöntemle mayalıyorum. Kaçırmayın! Kaliteli ürünlerimizle hizmetinizdeyiz.",3,0
4,Tekstil / El sanatı,bebek battaniyesi yapıyorum. tamamen elde örüyorum; organik pamuk ipliği tercih ediyorum. Anneannemden öğrendiğim desenle çalışıyorum; bir tanesi üç günümü alıyor.,5,1
231,Gıda,"Inanılmaz ev makarnası! Acele, hemen alın! Bayılacaksınız — stoklar tükenmeden sipariş verin!",1,0
310,Takı / Aksesuar,Makrome bileklik. En uygun fiyatlarla sizlerle. Kaliteli ürünlerimizle hizmetinizdeyiz.,2,0
166,Gıda,"Elimden tarhana çıkıyor. Bir tanesi yirmi gün sürüyor, Köyümüzün usulüyle yapıyorum.",4,1
280,Takı / Aksesuar,Gümüş kolye var.,2,0
401,Tasarım / Dekorasyon,"Uzun zamandır kuru çiçek panosu yapıyorum. kendim topladığım çiçekler kullanıyorum, kurutup çerçeveliyorum. Elimdeki çiçeğe göre her biri farklı çalışıyorum; bir tanesi bir hafta sürüyor. Doğal dekor sevenler için uygundur (ev dekorasyonu).",5,1
465,Tasarım / Dekorasyon,"Efsane makrome duvar süsü! Kaçırmayın, büyük indirim! Hemen alın — stoklar tükenmeden sipariş verin!",2,0
37,Tekstil / El sanatı,"ekmek torbası yapıyorum. keten kumaş kullanıyorum, kendim dikiyorum. Bir tanesi bir saatte bitiyor, Ekmeği bayatlatmasın diye yapıyorum. Doğal saklama sevenler için uygundur (doğal kumaş).",4,1
69,Tekstil / El sanatı,"Keçe bebek patiği — vazgeçilmez. Her biri fark yaratan, eşsiz bir deneyim. Sevgiyle hazırlandı, göz nuru.",2,0
189,Gıda,"Yeni bir vişne reçeli daha hazır. bakır kazanda pişiriyorum; bahçemizin vişnesi tercih ediyorum. Şeker dışında hiçbir şey katmadan çalışıyorum; bir tanesi bir günümü alıyor. Kahvaltılık doğal reçel sevenler için uygundur (geleneksel, ev yapımı).",5,1
202,Gıda,Uygun fiyata vişne reçeli.,2,0
181,Gıda,"Tarhana (geleneksel, ev yapımı). Domates biber soğan ve yoğurt ile geleneksel yöntemle mayalıyorum. Mükemmel! Müşteri memnuniyeti önceliğimizdir.",3,0
246,Gıda,"Sizlere kuru kayısı marmelatı hazırladım. Malatya kayısısı kullanıyorum, düşük ateşte kaynatıyorum. Doğal tatlı arayanlar için uygundur (geleneksel).",5,1
224,Gıda,"ev makarnası hazırlıyorum. köy yumurtası ve un kullanıyorum, elde açıp kesiyorum. Bir tanesi yarım gün sürüyor, Babaannemin açtığı gibi yapıyorum. El yapımı erişte sevenler için uygundur (doğal, katkısız, geleneksel). Sevgiyle hazırlan.",4,1
326,Takı / Aksesuar,"Bu boncuk küpe bana ait. tek tek diziyorum; cam boncuk ve pirinç tercih ediyorum. Bir tanesi yarım günde, Renkleri kendim eşleştirerek yapıyorum. Renkli takı sevenler için uygundur (el yapımı takı, hediye, özel tasarım).",4,1
74,Tekstil / El sanatı,"Dünyanın mucize keçe bebek patiği! Yüzde yüz, eşi benzeri yok. Kalitesiyle rakipsiz, kesinlikle pişman olmayacaksınız.",2,0
133,Gıda,"Sizlere domates salçası hazırladım. kendi bahçemizin domatesi kullanıyorum, güneşte kurutuyorum. Sadece domates ve tuz katıyorum çalışıyorum; bir tanesi bir hafta sürüyor. Katkısız ürün arayanlar için uygundur (geleneksel, ev yapımı).",4,1
62,Tekstil / El sanatı,"Bu keçe bebek patiği bana ait. doğal boyalı yün keçe kullanıyorum, elde dikiyorum. Bir tanesi bir günde bir çift, Kızımın ilk patiğinden esinlenerek yapıyorum. Bebek hediyesi arayanlar için uygundur (el yapımı, hediyelik).
#hediyelik #elemeği #doğalkumaş",5,1
72,Tekstil / El sanatı,Uygun fiyata keçe bebek patiği.,1,0
448,Tasarım / Dekorasyon,Elimden makrome duvar süsü çıkıyor. düğüm düğüm örüyorum; doğal pamuk ip tercih ediyorum. Boş duvarlar canlansın diye; her biri üç günümü alıyor.,4,1
98,Tekstil / El sanatı,Örgü atkı var.,3,0
413,Tasarım / Dekorasyon,"Mükemmel kuru çiçek panosu! Acele, süper! Tam size göre — stoklar tükenmeden sipariş verin!",2,0
208,Gıda,"Vişne reçeli (ev yapımı, doğal). Bahçemizin vişnesi ile bakır kazanda pişiriyorum. Mükemmel! Ürün gamımızı keşfedin.",3,0
363,Takı / Aksesuar,"Deri anahtarlık (hediye, özel tasarım). Hakiki dana derisi ile kesip elde dikiyorum. Süper! En uygun fiyatlarla sizlerle.",3,0
129,Tekstil / El sanatı,"Nakışlı yastık kılıfı (el emeği, el yapımı). Pamuklu kumaş ile iğne oyasıyla işliyorum. Tam size göre! Siparişleriniz özenle hazırlanır.",3,0
158,Gıda,"tarhana hazırlıyorum. geleneksel yöntemle mayalıyorum; domates biber soğan ve yoğurt tercih ediyorum. Köyümüzün usulüyle; her biri yirmi gün sürüyor. Kış hazırlığı yapanlar için uygundur (ev yapımı, geleneksel, doğal).",4,1
34,Tekstil / El sanatı,"Uzun zamandır ekmek torbası yapıyorum. keten kumaş kullanıyorum, kendim dikiyorum. Ekmeği bayatlatmasın diye; her biri bir saatte bitiyor. Doğal saklama sevenler için uygundur (el yapımı, doğal kumaş, hediyelik).
#hediyelik #elyapımı #doğalkumaş",5,1
89,Tekstil / El sanatı,"Yeni bir örgü atkı daha hazır. yumuşak merinos yünü kullanıyorum, şişle örüyorum. Kışın üşüyen boyunlar için çalışıyorum; bir tanesi iki günümü alıyor. Sıcak tutan aksesuar sevenler için uygundur (el emeği).
#elyapımı #elemeği #hediyelik",5,1
333,Takı / Aksesuar,"Boncuk küpe — vazgeçilmez. Her biri emek ve özen, eşsiz bir deneyim. Sevgiyle hazırlandı, göz nuru.",1,0
321,Takı / Aksesuar,"Elimden boncuk küpe çıkıyor. cam boncuk ve pirinç kullanıyorum, tek tek diziyorum. Renkleri kendim eşleştirerek; her biri yarım günde.",4,1
412,Tasarım / Dekorasyon,"Dünyanın piyasanın en kuru çiçek panosu! Kesin sonuç, en kaliteli. Kalitesiyle rakipsiz, kesinlikle pişman olmayacaksınız.",1,0
213,Gıda,"ev makarnası yapıyorum. elde açıp kesiyorum; köy yumurtası ve un tercih ediyorum. El yapımı erişte sevenler için uygundur (geleneksel, doğal, katkısız).",4,1
283,Takı / Aksesuar,"Büyük indirim gümüş kolye! Hayran kalacaksınız, kaçırmayın! Inanılmaz — stoklar tükenmeden sipariş verin!",2,0
286,Takı / Aksesuar,"Gümüş kolye (hediye, özel tasarım). 925 ayar gümüş tel ile tel sarma tekniğiyle yapıyorum. Efsane! Sizler için özenle seçilmiş ürünler.",3,0
367,Tasarım / Dekorasyon,"Bu ahşap kesme tahtası bana ait. ceviz ve kayın ağacı kullanıyorum, gıdaya uygun yağla cilalıyorum.",5,1
467,Tasarım / Dekorasyon,"Makrome duvar süsü (ev dekorasyonu, özel tasarım). Doğal pamuk ip ile düğüm düğüm örüyorum. Hayran kalacaksınız! Müşteri memnuniyeti önceliğimizdir.",3,0
196,Gıda,vişne reçeli yapıyorum. bakır kazanda pişiriyorum; bahçemizin vişnesi tercih ediyorum.,5,1
237,Gıda,"Bu kuru kayısı marmelatı bana ait. Malzeme olarak Malatya kayısısı seçtim ve düşük ateşte kaynatıyorum. Hiç koruyucu katmadan; her biri birkaç saatte. Doğal tatlı arayanlar için uygundur (katkısız, doğal, ev yapımı).
#geleneksel #evyapımı #doğal",4,1
336,Takı / Aksesuar,Boncuk küpe. Siparişleriniz özenle hazırlanır. Müşteri memnuniyeti önceliğimizdir.,3,0
76,Tekstil / El sanatı,Keçe bebek patiği. En uygun fiyatlarla sizlerle. Sizler için özenle seçilmiş ürünler.,3,0
209,Gıda,ev makarnası hazırlıyorum. Malzeme olarak köy yumurtası ve un seçtim ve elde açıp kesiyorum. Babaannemin açtığı gibi çalışıyorum; bir tanesi yarım gün sürüyor. El yapımı erişte sevenler için uygundur (katkısız).,5,1
399,Tasarım / Dekorasyon,"kuru çiçek panosu yapıyorum. Malzeme olarak kendim topladığım çiçekler seçtim ve kurutup çerçeveliyorum. Bir tanesi bir hafta sürüyor, Elimdeki çiçeğe göre her biri farklı yapıyorum. Doğal dekor sevenler için uygundur (ev dekorasyonu, özel tasarım).
#elyapımıdekor #evdekorasyonu #özeltasarım",5,1
437,Tasarım / Dekorasyon,"Beton saksı — eşsiz bir deneyim. Her biri özenli bir dokunuş, göz nuru. Sevgiyle hazırlandı, göz nuru.",2,0
432,Tasarım / Dekorasyon,"Uzun zamandır beton saksı yapıyorum. kalıba döküp zımparalıyorum; beyaz çimento tercih ediyorum. Sukulentlerime yakışsın diye; her biri iki günde. Modern dekor sevenler için uygundur (özel tasarım, ev dekorasyonu, el yapımı dekor). Özenle hazırlan.",4,1
108,Tekstil / El sanatı,"Bu nakışlı yastık kılıfı bana ait. pamuklu kumaş kullanıyorum, iğne oyasıyla işliyorum.",4,1
99,Tekstil / El sanatı,"Örgü atkı — sizler için. Her biri ayrı bir sanat eseri, anlamlı bir hediye. Sevgiyle hazırlandı, göz nuru.",3,0
171,Gıda,"Yeni bir tarhana daha hazır. geleneksel yöntemle mayalıyorum; domates biber soğan ve yoğurt tercih ediyorum. Köyümüzün usulüyle çalışıyorum; bir tanesi yirmi gün sürüyor. Kış hazırlığı yapanlar için uygundur (geleneksel, katkısız, doğal). Efsane.",4,1
389,Tasarım / Dekorasyon,"Ahşap kesme tahtası (özel tasarım, ev dekorasyonu). Ceviz ve kayın ağacı ile gıdaya uygun yağla cilalıyorum. Süper! En uygun fiyatlarla sizlerle.",3,0
100,Tekstil / El sanatı,"Dünyanın bir numara örgü atkı! Rakipsiz, yüzde yüz. Kalitesiyle rakipsiz, kesinlikle pişman olmayacaksınız.",1,0
257,Gıda,"Efsane kuru kayısı marmelatı! Mükemmel, bayılacaksınız! Son fırsat — stoklar tükenmeden sipariş verin!",2,0
346,Takı / Aksesuar,"Elimden deri anahtarlık çıkıyor. Dayanıklı olsun diye çalışıyorum; bir tanesi bir saatte. Sade hediye arayanlar için uygundur (hediye, el yapımı takı).
#elyapımıtakı #özeltasarım #hediye",5,1
45,Tekstil / El sanatı,"Bayılacaksınız ekmek torbası! Acele, inanılmaz! Efsane — stoklar tükenmeden sipariş verin!",1,0
425,Tasarım / Dekorasyon,"beton saksı hazırlıyorum. kalıba döküp zımparalıyorum; beyaz çimento tercih ediyorum. Sukulentlerime yakışsın diye; her biri iki günde. Modern dekor sevenler için uygundur (el yapımı dekor, ev dekorasyonu).",5,1
370,Tasarım / Dekorasyon,Elimden ahşap kesme tahtası çıkıyor. gıdaya uygun yağla cilalıyorum; ceviz ve kayın ağacı tercih ediyorum. Isteyene isim yazarak çalışıyorum; bir tanesi iki günümü alıyor. Mutfak hediyesi arayanlar için uygundur (özel tasarım).,4,1
240,Gıda,"Bu kuru kayısı marmelatı bana ait. Malatya kayısısı kullanıyorum, düşük ateşte kaynatıyorum. Hiç koruyucu katmadan; her biri birkaç saatte. Doğal tatlı arayanlar için uygundur (doğal, geleneksel).",5,1
275,Takı / Aksesuar,"gümüş kolye hazırlıyorum. tel sarma tekniğiyle yapıyorum; 925 ayar gümüş tel tercih ediyorum. Bir tanesi bir günümü alıyor, Her biri tek olsun diye yapıyorum. Özel tasarım takı sevenler için uygundur (hediye). Ayrı bir sanat eseri.
#hediye #elyapımıtakı #özeltasarım",4,1
150,Gıda,Domates salçası var.,2,0
111,Tekstil / El sanatı,"Uzun zamandır nakışlı yastık kılıfı yapıyorum. Annemin çeyizindeki motiflerle; her biri beş gün sürüyor.
#hediyelik #elyapımı #elemeği",4,1
142,Gıda,domates salçası yapıyorum. güneşte kurutuyorum; kendi bahçemizin domatesi tercih ediyorum. Sadece domates ve tuz katıyorum çalışıyorum; bir tanesi bir hafta sürüyor. Katkısız ürün arayanlar için uygundur (doğal).,5,1
13,Tekstil / El sanatı,bebek battaniyesi yapıyorum.,5,1
362,Takı / Aksesuar,Deri anahtarlık. Kaliteli ürünlerimizle hizmetinizdeyiz. Müşteri memnuniyeti önceliğimizdir.,1,0
380,Tasarım / Dekorasyon,"Bu ahşap kesme tahtası bana ait. Malzeme olarak ceviz ve kayın ağacı seçtim ve gıdaya uygun yağla cilalıyorum. Emek ve özen.
#özeltasarım #elyapımıdekor #evdekorasyonu",4,1
297,Takı / Aksesuar,"Sizlere makrome bileklik hazırladım. Malzeme olarak pamuk ip ve doğal taş seçtim ve elde örüyorum.
#hediye #özeltasarım #elyapımıtakı",4,1
35,Tekstil / El sanatı,"ekmek torbası hazırlıyorum. Malzeme olarak keten kumaş seçtim ve kendim dikiyorum. Ekmeği bayatlatmasın diye; her biri bir saatte bitiyor.
#elemeği #doğalkumaş #elyapımı",4,1
430,Tasarım / Dekorasyon,"Bu beton saksı bana ait. kalıba döküp zımparalıyorum; beyaz çimento tercih ediyorum. Modern dekor sevenler için uygundur (ev dekorasyonu, el yapımı dekor, özel tasarım).
#özeltasarım #elyapımıdekor #evdekorasyonu",5,1
175,Gıda,"Harika tarhana! Süper, efsane! Mükemmel — stoklar tükenmeden sipariş verin!",2,0
232,Gıda,Ev makarnası. Kaliteli ürünlerimizle hizmetinizdeyiz. Siparişleriniz özenle hazırlanır.,2,0
183,Gıda,"Uzun zamandır vişne reçeli yapıyorum. Malzeme olarak bahçemizin vişnesi seçtim ve bakır kazanda pişiriyorum. Bir tanesi bir günümü alıyor, Şeker dışında hiçbir şey katmadan yapıyorum. Kahvaltılık doğal reçel sevenler için uygundur (doğal, geleneksel, katkısız).
#geleneksel #evyapımı #katkısız",5,1
327,Takı / Aksesuar,Uzun zamandır boncuk küpe yapıyorum. tek tek diziyorum; cam boncuk ve pirinç tercih ediyorum. Renkleri kendim eşleştirerek çalışıyorum; bir tanesi yarım günde. Renkli takı sevenler için uygundur (özel tasarım). Göz nuru.,4,1
32,Tekstil / El sanatı,"Bu ekmek torbası bana ait. keten kumaş kullanıyorum, kendim dikiyorum. Ekmeği bayatlatmasın diye çalışıyorum; bir tanesi bir saatte bitiyor.",5,1
151,Gıda,"Domates salçası — sevgiyle hazırlan. Her biri hayatınıza, anlamlı bir hediye. Sevgiyle hazırlandı, göz nuru.",2,0
173,Gıda,"Tarhana — eşsiz bir deneyim. Her biri göz nuru, özenle hazırlan. Sevgiyle hazırlandı, göz nuru.",1,0
293,Takı / Aksesuar,Bu makrome bileklik bana ait. Malzeme olarak pamuk ip ve doğal taş seçtim ve elde örüyorum.,4,1
199,Gıda,"Vişne reçeli — sizler için. Her biri eşsiz bir deneyim, değer katacak. Sevgiyle hazırlandı, göz nuru.",3,0
385,Tasarım / Dekorasyon,"Ahşap kesme tahtası — ayrı bir özen. Her biri göz nuru, özenle hazırlan. Sevgiyle hazırlandı, göz nuru.",3,0
299,Takı / Aksesuar,"makrome bileklik hazırlıyorum. pamuk ip ve doğal taş kullanıyorum, elde örüyorum. Bir tanesi bir saatte, Denizde bile takılabilsin diye yapıyorum. Yazlık aksesuar arayanlar için uygundur (hediye, özel tasarım, el yapımı takı).
#hediye #elyapımıtakı #özeltasarım",4,1
460,Tasarım / Dekorasyon,"Dünyanın en iyi makrome duvar süsü! Eşi benzeri yok, tek adres. Kalitesiyle rakipsiz, kesinlikle pişman olmayacaksınız.",2,0
187,Gıda,"Uzun zamandır vişne reçeli yapıyorum. Şeker dışında hiçbir şey katmadan çalışıyorum; bir tanesi bir günümü alıyor. Kahvaltılık doğal reçel sevenler için uygundur (ev yapımı, doğal).",4,1
118,Tekstil / El sanatı,Elimden nakışlı yastık kılıfı çıkıyor. El işi dekor sevenler için uygundur (el emeği).,5,1
442,Tasarım / Dekorasyon,"Beton saksı (ev dekorasyonu, el yapımı dekor). Beyaz çimento ile kalıba döküp zımparalıyorum. Hemen alın! Müşteri memnuniyeti önceliğimizdir.",3,0
101,Tekstil / El sanatı,"Kaçırmayın örgü atkı! Muhteşem, süper! Efsane — stoklar tükenmeden sipariş verin!",2,0
423,Tasarım / Dekorasyon,"beton saksı hazırlıyorum. kalıba döküp zımparalıyorum; beyaz çimento tercih ediyorum. Sukulentlerime yakışsın diye çalışıyorum; bir tanesi iki günde. Modern dekor sevenler için uygundur (özel tasarım, ev dekorasyonu).",5,1
455,Tasarım / Dekorasyon,"makrome duvar süsü hazırlıyorum. düğüm düğüm örüyorum; doğal pamuk ip tercih ediyorum. Boş duvarlar canlansın diye çalışıyorum; bir tanesi üç günümü alıyor. Bohem dekor sevenler için uygundur (el yapımı dekor, özel tasarım).
#elyapımıdekor #evdekorasyonu #özeltasarım",5,1
51,Tekstil / El sanatı,"Ekmek torbası (hediyelik, el emeği). Keten kumaş ile kendim dikiyorum. Büyük indirim! Sizler için özenle seçilmiş ürünler.",3,0
157,Gıda,tarhana yapıyorum. Malzeme olarak domates biber soğan ve yoğurt seçtim ve geleneksel yöntemle mayalıyorum. Kış hazırlığı yapanlar için uygundur (katkısız).,4,1
66,Tekstil / El sanatı,"keçe bebek patiği hazırlıyorum. elde dikiyorum; doğal boyalı yün keçe tercih ediyorum. Kızımın ilk patiğinden esinlenerek; her biri bir günde bir çift. Bebek hediyesi arayanlar için uygundur (hediyelik).
#elyapımı #doğalkumaş #hediyelik",4,1
200,Gıda,"Dünyanın şifalı vişne reçeli! Eşi benzeri yok, rakipsiz. Kalitesiyle rakipsiz, kesinlikle pişman olmayacaksınız.",1,0
105,Tekstil / El sanatı,"Sizlere nakışlı yastık kılıfı hazırladım. pamuklu kumaş kullanıyorum, iğne oyasıyla işliyorum. Annemin çeyizindeki motiflerle; her biri beş gün sürüyor. El işi dekor sevenler için uygundur (hediyelik).",4,1
355,Takı / Aksesuar,"Deri anahtarlık — sevgiyle hazırlan. Her biri değer katacak, eşsiz bir deneyim. Sevgiyle hazırlandı, göz nuru.",2,0
337,Takı / Aksesuar,"Boncuk küpe (özel tasarım, el yapımı takı). Cam boncuk ve pirinç ile tek tek diziyorum. Acele! En uygun fiyatlarla sizlerle.",3,0
387,Tasarım / Dekorasyon,"Bayılacaksınız ahşap kesme tahtası! Son fırsat, mükemmel! Inanılmaz — stoklar tükenmeden sipariş verin!",2,0
36,Tekstil / El sanatı,"Sizlere ekmek torbası hazırladım. kendim dikiyorum; keten kumaş tercih ediyorum. Ekmeği bayatlatmasın diye çalışıyorum; bir tanesi bir saatte bitiyor. Doğal saklama sevenler için uygundur (hediyelik, el yapımı, el emeği).
#elyapımı #doğalkumaş #elemeği",5,1
127,Tekstil / El sanatı,"Efsane nakışlı yastık kılıfı! Tam size göre, kaçırmayın! Fırsat kaçmaz — stoklar tükenmeden sipariş verin!",2,0
43,Tekstil / El sanatı,"Ekmek torbası — emek ve özen. Her biri fark yaratan, değer katacak. Sevgiyle hazırlandı, göz nuru.",2,0
463,Tasarım / Dekorasyon,"Makrome duvar süsü — ayrı bir özen. Her biri emek ve özen, anlamlı bir hediye. Sevgiyle hazırlandı, göz nuru.",2,0
285,Takı / Aksesuar,"Gümüş kolye (özel tasarım, hediye). 925 ayar gümüş tel ile tel sarma tekniğiyle yapıyorum. Kaçırmayın! Ürün gamımızı keşfedin.",3,0
180,Gıda,Tarhana. Siparişleriniz özenle hazırlanır. Sizler için özenle seçilmiş ürünler.,2,0
96,Tekstil / El sanatı,"Dünyanın mucize örgü atkı! %100, dünyanın en. Kalitesiyle rakipsiz, kesinlikle pişman olmayacaksınız.",3,0
462,Tasarım / Dekorasyon,Makrome duvar süsü satılık.,3,0
308,Takı / Aksesuar,"Dünyanın kesin sonuç makrome bileklik! Tek adres, rakipsiz. Kalitesiyle rakipsiz, kesinlikle pişman olmayacaksınız.",2,0
75,Tekstil / El sanatı,"Harika keçe bebek patiği! Tam size göre, bayılacaksınız! Kaçırmayın — stoklar tükenmeden sipariş verin!",1,0
345,Takı / Aksesuar,"deri anahtarlık hazırlıyorum. Malzeme olarak hakiki dana derisi seçtim ve kesip elde dikiyorum. Bir tanesi bir saatte, Dayanıklı olsun diye yapıyorum.",4,1
163,Gıda,"tarhana hazırlıyorum. domates biber soğan ve yoğurt kullanıyorum, geleneksel yöntemle mayalıyorum.",4,1
91,Tekstil / El sanatı,"Sizlere örgü atkı hazırladım. yumuşak merinos yünü kullanıyorum, şişle örüyorum. Kışın üşüyen boyunlar için; her biri iki günümü alıyor.",4,1
331,Takı / Aksesuar,"Süper boncuk küpe! Fırsat kaçmaz, kaçırmayın! Acele — stoklar tükenmeden sipariş verin!",2,0
249,Gıda,"Sizlere kuru kayısı marmelatı hazırladım. düşük ateşte kaynatıyorum; Malatya kayısısı tercih ediyorum. Doğal tatlı arayanlar için uygundur (geleneksel). Özenli bir dokunuş.
#geleneksel #doğal #katkısız",4,1
464,Tasarım / Dekorasyon,"Dünyanın mucize makrome duvar süsü! Bir numara, en iyi. Kalitesiyle rakipsiz, kesinlikle pişman olmayacaksınız.",2,0
424,Tasarım / Dekorasyon,"beton saksı yapıyorum. Malzeme olarak beyaz çimento seçtim ve kalıba döküp zımparalıyorum. Bir tanesi iki günde, Sukulentlerime yakışsın diye yapıyorum. Modern dekor sevenler için uygundur (el yapımı dekor).
#evdekorasyonu #elyapımıdekor #özeltasarım",4,1
314,Takı / Aksesuar,"Sizlere boncuk küpe hazırladım. Malzeme olarak cam boncuk ve pirinç seçtim ve tek tek diziyorum. Bir tanesi yarım günde, Renkleri kendim eşleştirerek yapıyorum. Renkli takı sevenler için uygundur (el yapımı takı).",5,1
438,Tasarım / Dekorasyon,"Dünyanın piyasanın en beton saksı! %100, rakipsiz. Kalitesiyle rakipsiz, kesinlikle pişman olmayacaksınız.",2,0
30,Tekstil / El sanatı,"Yeni bir ekmek torbası daha hazır. keten kumaş kullanıyorum, kendim dikiyorum. Ekmeği bayatlatmasın diye çalışıyorum; bir tanesi bir saatte bitiyor. Doğal saklama sevenler için uygundur (hediyelik, el emeği).",5,1
116,Tekstil / El sanatı,"Bu nakışlı yastık kılıfı bana ait. iğne oyasıyla işliyorum; pamuklu kumaş tercih ediyorum. El işi dekor sevenler için uygundur (el emeği).
#hediyelik #doğalkumaş #elyapımı",5,1
220,Gıda,"Elimden ev makarnası çıkıyor. köy yumurtası ve un kullanıyorum, elde açıp kesiyorum. Babaannemin açtığı gibi; her biri yarım gün sürüyor. El yapımı erişte sevenler için uygundur (doğal, katkısız).",5,1
233,Gıda,"Ev makarnası (doğal, katkısız). Köy yumurtası ve un ile elde açıp kesiyorum. Hemen alın! En uygun fiyatlarla sizlerle.",3,0
374,Tasarım / Dekorasyon,"ahşap kesme tahtası hazırlıyorum. gıdaya uygun yağla cilalıyorum; ceviz ve kayın ağacı tercih ediyorum. Isteyene isim yazarak; her biri iki günümü alıyor. Mutfak hediyesi arayanlar için uygundur (el yapımı dekor, ev dekorasyonu, özel tasarım).
#özeltasarım #elyapımıdekor #evdekorasyonu",4,1
398,Tasarım / Dekorasyon,"Uzun zamandır kuru çiçek panosu yapıyorum. Malzeme olarak kendim topladığım çiçekler seçtim ve kurutup çerçeveliyorum. Bir tanesi bir hafta sürüyor, Elimdeki çiçeğe göre her biri farklı yapıyorum. Doğal dekor sevenler için uygundur (el yapımı dekor).",4,1
122,Tekstil / El sanatı,"Dünyanın kesin sonuç nakışlı yastık kılıfı! Dünyanın en, piyasanın en. Kalitesiyle rakipsiz, kesinlikle pişman olmayacaksınız.",2,0
154,Gıda,Domates salçası. Müşteri memnuniyeti önceliğimizdir. Sizler için özenle seçilmiş ürünler.,2,0
244,Gıda,"Elimden kuru kayısı marmelatı çıkıyor. düşük ateşte kaynatıyorum; Malatya kayısısı tercih ediyorum. Doğal tatlı arayanlar için uygundur (doğal, ev yapımı, geleneksel).",4,1
197,Gıda,"vişne reçeli hazırlıyorum. Şeker dışında hiçbir şey katmadan çalışıyorum; bir tanesi bir günümü alıyor. Kahvaltılık doğal reçel sevenler için uygundur (geleneksel, ev yapımı, katkısız). Değer katacak.",4,1
239,Gıda,"Bu kuru kayısı marmelatı bana ait. düşük ateşte kaynatıyorum; Malatya kayısısı tercih ediyorum. Doğal tatlı arayanlar için uygundur (ev yapımı, doğal, geleneksel).",5,1
279,Takı / Aksesuar,"Tam size göre gümüş kolye! Muhteşem, inanılmaz! Acele — stoklar tükenmeden sipariş verin!",2,0
235,Gıda,"Elimden kuru kayısı marmelatı çıkıyor. Malzeme olarak Malatya kayısısı seçtim ve düşük ateşte kaynatıyorum. Bir tanesi birkaç saatte, Hiç koruyucu katmadan yapıyorum. Doğal tatlı arayanlar için uygundur (doğal, geleneksel, katkısız).",5,1
217,Gıda,"Elimden ev makarnası çıkıyor. Malzeme olarak köy yumurtası ve un seçtim ve elde açıp kesiyorum. Babaannemin açtığı gibi; her biri yarım gün sürüyor. El yapımı erişte sevenler için uygundur (ev yapımı, geleneksel).",5,1
307,Takı / Aksesuar,"Makrome bileklik — sevgiyle hazırlan. Her biri değer katacak, ayrı bir özen. Sevgiyle hazırlandı, göz nuru.",1,0
391,Tasarım / Dekorasyon,Elimden kuru çiçek panosu çıkıyor. Malzeme olarak kendim topladığım çiçekler seçtim ve kurutup çerçeveliyorum. Elimdeki çiçeğe göre her biri farklı çalışıyorum; bir tanesi bir hafta sürüyor. Doğal dekor sevenler için uygundur (ev dekorasyonu).,5,1
14,Tekstil / El sanatı,"Yeni bir bebek battaniyesi daha hazır. Malzeme olarak organik pamuk ipliği seçtim ve tamamen elde örüyorum. Bir tanesi üç günümü alıyor, Anneannemden öğrendiğim desenle yapıyorum. Yeni doğan hediyesi arayanlar için uygundur (el yapımı).",4,1
309,Takı / Aksesuar,"Tam size göre makrome bileklik! Bayılacaksınız, harika! Efsane — stoklar tükenmeden sipariş verin!",3,0
441,Tasarım / Dekorasyon,"Beton saksı (ev dekorasyonu, özel tasarım). Beyaz çimento ile kalıba döküp zımparalıyorum. Hayran kalacaksınız! Ürün gamımızı keşfedin.",3,0
378,Tasarım / Dekorasyon,"ahşap kesme tahtası yapıyorum. gıdaya uygun yağla cilalıyorum; ceviz ve kayın ağacı tercih ediyorum. Bir tanesi iki günümü alıyor, Isteyene isim yazarak yapıyorum. Mutfak hediyesi arayanlar için uygundur (el yapımı dekor, ev dekorasyonu).
#özeltasarım #evdekorasyonu #elyapımıdekor",5,1
117,Tekstil / El sanatı,"nakışlı yastık kılıfı hazırlıyorum. pamuklu kumaş kullanıyorum, iğne oyasıyla işliyorum. Bir tanesi beş gün sürüyor, Annemin çeyizindeki motiflerle yapıyorum. El işi dekor sevenler için uygundur (hediyelik, doğal kumaş, el emeği).",5,1
172,Gıda,"tarhana hazırlıyorum. Malzeme olarak domates biber soğan ve yoğurt seçtim ve geleneksel yöntemle mayalıyorum. Bir tanesi yirmi gün sürüyor, Köyümüzün usulüyle yapıyorum. Kış hazırlığı yapanlar için uygundur (geleneksel, ev yapımı). Göz nuru.
#geleneksel #doğal #katkısız",4,1
168,Gıda,"tarhana hazırlıyorum. domates biber soğan ve yoğurt kullanıyorum, geleneksel yöntemle mayalıyorum. Köyümüzün usulüyle çalışıyorum; bir tanesi yirmi gün sürüyor. Kış hazırlığı yapanlar için uygundur (geleneksel, katkısız, ev yapımı).",4,1
53,Tekstil / El sanatı,"Uzun zamandır keçe bebek patiği yapıyorum. doğal boyalı yün keçe kullanıyorum, elde dikiyorum. Bir tanesi bir günde bir çift, Kızımın ilk patiğinden esinlenerek yapıyorum. Bebek hediyesi arayanlar için uygundur (el yapımı, el emeği).",5,1
144,Gıda,"Sizlere domates salçası hazırladım. güneşte kurutuyorum; kendi bahçemizin domatesi tercih ediyorum. Sadece domates ve tuz katıyorum çalışıyorum; bir tanesi bir hafta sürüyor. Katkısız ürün arayanlar için uygundur (doğal, katkısız).",5,1
450,Tasarım / Dekorasyon,"makrome duvar süsü hazırlıyorum. düğüm düğüm örüyorum; doğal pamuk ip tercih ediyorum. Bir tanesi üç günümü alıyor, Boş duvarlar canlansın diye yapıyorum. Bohem dekor sevenler için uygundur (ev dekorasyonu, özel tasarım, el yapımı dekor).",5,1
264,Takı / Aksesuar,"Uzun zamandır gümüş kolye yapıyorum. tel sarma tekniğiyle yapıyorum; 925 ayar gümüş tel tercih ediyorum. Bir tanesi bir günümü alıyor, Her biri tek olsun diye yapıyorum. Özel tasarım takı sevenler için uygundur (hediye, el yapımı takı).",5,1
78,Tekstil / El sanatı,"Keçe bebek patiği (hediyelik, doğal kumaş). Doğal boyalı yün keçe ile elde dikiyorum. Hayran kalacaksınız! Ürün gamımızı keşfedin.",3,0
164,Gıda,"Uzun zamandır tarhana yapıyorum. domates biber soğan ve yoğurt kullanıyorum, geleneksel yöntemle mayalıyorum. Bir tanesi yirmi gün sürüyor, Köyümüzün usulüyle yapıyorum. Kış hazırlığı yapanlar için uygundur (ev yapımı, katkısız, doğal).
#katkısız #evyapımı #doğal",5,1
159,Gıda,"tarhana hazırlıyorum. geleneksel yöntemle mayalıyorum; domates biber soğan ve yoğurt tercih ediyorum. Bir tanesi yirmi gün sürüyor, Köyümüzün usulüyle yapıyorum. Kış hazırlığı yapanlar için uygundur (doğal, ev yapımı).
#geleneksel #evyapımı #katkısız",5,1
421,Tasarım / Dekorasyon,"Bu beton saksı bana ait. Modern dekor sevenler için uygundur (özel tasarım, ev dekorasyonu).",4,1
203,Gıda,"Vişne reçeli — ilmeğinde. Her biri göz nuru, emek ve özen. Sevgiyle hazırlandı, göz nuru.",3,0
304,Takı / Aksesuar,"Dünyanın mucize makrome bileklik! Birebir, tek adres. Kalitesiyle rakipsiz, kesinlikle pişman olmayacaksınız.",2,0
212,Gıda,"Yeni bir ev makarnası daha hazır. köy yumurtası ve un kullanıyorum, elde açıp kesiyorum. Babaannemin açtığı gibi çalışıyorum; bir tanesi yarım gün sürüyor. El yapımı erişte sevenler için uygundur (katkısız).
#doğal #katkısız #evyapımı",5,1
1,Tekstil / El sanatı,Sizlere bebek battaniyesi hazırladım. Malzeme olarak organik pamuk ipliği seçtim ve tamamen elde örüyorum. Anneannemden öğrendiğim desenle çalışıyorum; bir tanesi üç günümü alıyor. Yeni doğan hediyesi arayanlar için uygundur (el yapımı).,4,1
141,Gıda,"domates salçası hazırlıyorum. kendi bahçemizin domatesi kullanıyorum, güneşte kurutuyorum. Bir tanesi bir hafta sürüyor, Sadece domates ve tuz katıyorum yapıyorum. Katkısız ürün arayanlar için uygundur (geleneksel, doğal).",5,1
273,Takı / Aksesuar,"Elimden gümüş kolye çıkıyor. 925 ayar gümüş tel kullanıyorum, tel sarma tekniğiyle yapıyorum. Özel tasarım takı sevenler için uygundur (el yapımı takı, özel tasarım, hediye).",5,1
261,Takı / Aksesuar,"Sizlere gümüş kolye hazırladım. Her biri tek olsun diye; her biri bir günümü alıyor. Özel tasarım takı sevenler için uygundur (özel tasarım, el yapımı takı, hediye).",4,1
426,Tasarım / Dekorasyon,"Elimden beton saksı çıkıyor. kalıba döküp zımparalıyorum; beyaz çimento tercih ediyorum. Bir tanesi iki günde, Sukulentlerime yakışsın diye yapıyorum. Modern dekor sevenler için uygundur (ev dekorasyonu).
#özeltasarım #elyapımıdekor #evdekorasyonu",5,1
394,Tasarım / Dekorasyon,Bu kuru çiçek panosu bana ait. kurutup çerçeveliyorum; kendim topladığım çiçekler tercih ediyorum. Elimdeki çiçeğe göre her biri farklı çalışıyorum; bir tanesi bir hafta sürüyor.,5,1
27,Tekstil / El sanatı,Sizlere ekmek torbası hazırladım. kendim dikiyorum; keten kumaş tercih ediyorum. Ekmeği bayatlatmasın diye; her biri bir saatte bitiyor. Doğal saklama sevenler için uygundur (el yapımı).,4,1
10,Tekstil / El sanatı,"bebek battaniyesi hazırlıyorum. tamamen elde örüyorum; organik pamuk ipliği tercih ediyorum.
#doğalkumaş #elyapımı #hediyelik",4,1
386,Tasarım / Dekorasyon,"Dünyanın mucize ahşap kesme tahtası! Kesin sonuç, bir numara. Kalitesiyle rakipsiz, kesinlikle pişman olmayacaksınız.",1,0
405,Tasarım / Dekorasyon,"Bu kuru çiçek panosu bana ait. Malzeme olarak kendim topladığım çiçekler seçtim ve kurutup çerçeveliyorum. Bir tanesi bir hafta sürüyor, Elimdeki çiçeğe göre her biri farklı yapıyorum. Doğal dekor sevenler için uygundur (el yapımı dekor, özel tasarım, ev dekorasyonu). Özenle hazırlan.
#elyapımıdekor #özeltasarım #evdekorasyonu",4,1
162,Gıda,"tarhana yapıyorum. Malzeme olarak domates biber soğan ve yoğurt seçtim ve geleneksel yöntemle mayalıyorum. Köyümüzün usulüyle çalışıyorum; bir tanesi yirmi gün sürüyor. Kış hazırlığı yapanlar için uygundur (ev yapımı, katkısız).",5,1
229,Gıda,"Ev makarnası — fark yaratan. Her biri değer katacak, hayatınıza. Sevgiyle hazırlandı, göz nuru.",2,0
256,Gıda,"Dünyanın en iyi kuru kayısı marmelatı! Eşi benzeri yok, mucize. Kalitesiyle rakipsiz, kesinlikle pişman olmayacaksınız.",3,0
377,Tasarım / Dekorasyon,ahşap kesme tahtası hazırlıyorum. Malzeme olarak ceviz ve kayın ağacı seçtim ve gıdaya uygun yağla cilalıyorum. Isteyene isim yazarak; her biri iki günümü alıyor.,5,1
230,Gıda,"Dünyanın yüzde yüz ev makarnası! Dünyanın en, rakipsiz. Kalitesiyle rakipsiz, kesinlikle pişman olmayacaksınız.",2,0
434,Tasarım / Dekorasyon,"Dünyanın tek adres beton saksı! Dünyanın en, en iyi. Kalitesiyle rakipsiz, kesinlikle pişman olmayacaksınız.",2,0
236,Gıda,"Sizlere kuru kayısı marmelatı hazırladım. düşük ateşte kaynatıyorum; Malatya kayısısı tercih ediyorum. Bir tanesi birkaç saatte, Hiç koruyucu katmadan yapıyorum. Doğal tatlı arayanlar için uygundur (ev yapımı, katkısız).",4,1
41,Tekstil / El sanatı,"Yeni bir ekmek torbası daha hazır. kendim dikiyorum; keten kumaş tercih ediyorum. Bir tanesi bir saatte bitiyor, Ekmeği bayatlatmasın diye yapıyorum. Doğal saklama sevenler için uygundur (hediyelik, el yapımı). Fark yaratan.",4,1
381,Tasarım / Dekorasyon,"Ahşap kesme tahtası — ayrı bir sanat eseri. Her biri ilmeğinde, göz nuru. Sevgiyle hazırlandı, göz nuru.",2,0
207,Gıda,"Vişne reçeli (geleneksel, katkısız). Bahçemizin vişnesi ile bakır kazanda pişiriyorum. Süper! En uygun fiyatlarla sizlerle.",3,0
194,Gıda,"Sizlere vişne reçeli hazırladım. bahçemizin vişnesi kullanıyorum, bakır kazanda pişiriyorum. Bir tanesi bir günümü alıyor, Şeker dışında hiçbir şey katmadan yapıyorum. Kahvaltılık doğal reçel sevenler için uygundur (doğal).",4,1
298,Takı / Aksesuar,"makrome bileklik yapıyorum. elde örüyorum; pamuk ip ve doğal taş tercih ediyorum.
#elyapımıtakı #hediye #özeltasarım",4,1
260,Gıda,"Kuru kayısı marmelatı (katkısız, geleneksel). Malatya kayısısı ile düşük ateşte kaynatıyorum. Mükemmel! En uygun fiyatlarla sizlerle.",3,0
428,Tasarım / Dekorasyon,"Bu beton saksı bana ait. kalıba döküp zımparalıyorum; beyaz çimento tercih ediyorum. Bir tanesi iki günde, Sukulentlerime yakışsın diye yapıyorum.",4,1
143,Gıda,"Uzun zamandır domates salçası yapıyorum. Bir tanesi bir hafta sürüyor, Sadece domates ve tuz katıyorum yapıyorum.",5,1
382,Tasarım / Dekorasyon,"Dünyanın mucize ahşap kesme tahtası! En iyi, garanti. Kalitesiyle rakipsiz, kesinlikle pişman olmayacaksınız.",3,0
124,Tekstil / El sanatı,Nakışlı yastık kılıfı satılık.,2,0
165,Gıda,"Bu tarhana bana ait. geleneksel yöntemle mayalıyorum; domates biber soğan ve yoğurt tercih ediyorum. Köyümüzün usulüyle; her biri yirmi gün sürüyor. Kış hazırlığı yapanlar için uygundur (katkısız).
#katkısız #doğal #evyapımı",4,1
252,Gıda,"Dünyanın tek adres kuru kayısı marmelatı! Garanti, en iyi. Kalitesiyle rakipsiz, kesinlikle pişman olmayacaksınız.",2,0
407,Tasarım / Dekorasyon,"Kuru çiçek panosu — hayatınıza. Her biri özenle hazırlan, ayrı bir sanat eseri. Sevgiyle hazırlandı, göz nuru.",2,0
85,Tekstil / El sanatı,"Elimden örgü atkı çıkıyor. şişle örüyorum; yumuşak merinos yünü tercih ediyorum. Kışın üşüyen boyunlar için; her biri iki günümü alıyor. Sıcak tutan aksesuar sevenler için uygundur (hediyelik).
#hediyelik #doğalkumaş #elyapımı",5,1
254,Gıda,Kuru kayısı marmelatı var.,1,0
241,Gıda,"Bu kuru kayısı marmelatı bana ait. Malatya kayısısı kullanıyorum, düşük ateşte kaynatıyorum. Bir tanesi birkaç saatte, Hiç koruyucu katmadan yapıyorum. Doğal tatlı arayanlar için uygundur (doğal).",5,1
461,Tasarım / Dekorasyon,"Inanılmaz makrome duvar süsü! Büyük indirim, süper! Efsane — stoklar tükenmeden sipariş verin!",2,0
81,Tekstil / El sanatı,"örgü atkı hazırlıyorum. Malzeme olarak yumuşak merinos yünü seçtim ve şişle örüyorum. Sıcak tutan aksesuar sevenler için uygundur (el yapımı, hediyelik, doğal kumaş).",5,1
6,Tekstil / El sanatı,"bebek battaniyesi yapıyorum. organik pamuk ipliği kullanıyorum, tamamen elde örüyorum. Bir tanesi üç günümü alıyor, Anneannemden öğrendiğim desenle yapıyorum. Yeni doğan hediyesi arayanlar için uygundur (hediyelik, el yapımı, el emeği).",4,1
28,Tekstil / El sanatı,"Elimden ekmek torbası çıkıyor. Malzeme olarak keten kumaş seçtim ve kendim dikiyorum. Bir tanesi bir saatte bitiyor, Ekmeği bayatlatmasın diye yapıyorum. Doğal saklama sevenler için uygundur (hediyelik).",4,1
372,Tasarım / Dekorasyon,"Uzun zamandır ahşap kesme tahtası yapıyorum. ceviz ve kayın ağacı kullanıyorum, gıdaya uygun yağla cilalıyorum. Isteyene isim yazarak; her biri iki günümü alıyor. Mutfak hediyesi arayanlar için uygundur (özel tasarım, el yapımı dekor, ev dekorasyonu).
#elyapımıdekor #özeltasarım #evdekorasyonu",5,1
329,Takı / Aksesuar,"Boncuk küpe — özenle hazırlan. Her biri değer katacak, emek ve özen. Sevgiyle hazırlandı, göz nuru.",3,0
178,Gıda,"Dünyanın mucize tarhana! Şifalı, rakipsiz. Kalitesiyle rakipsiz, kesinlikle pişman olmayacaksınız.",1,0
383,Tasarım / Dekorasyon,"Büyük indirim ahşap kesme tahtası! Süper, kaçırmayın! Fırsat kaçmaz — stoklar tükenmeden sipariş verin!",1,0
128,Tekstil / El sanatı,Nakışlı yastık kılıfı. Kaliteli ürünlerimizle hizmetinizdeyiz. En uygun fiyatlarla sizlerle.,1,0
222,Gıda,"Yeni bir ev makarnası daha hazır. Babaannemin açtığı gibi; her biri yarım gün sürüyor. El yapımı erişte sevenler için uygundur (doğal, ev yapımı, geleneksel).",5,1
350,Takı / Aksesuar,Uzun zamandır deri anahtarlık yapıyorum. kesip elde dikiyorum; hakiki dana derisi tercih ediyorum. Dayanıklı olsun diye; her biri bir saatte.,4,1
452,Tasarım / Dekorasyon,makrome duvar süsü hazırlıyorum. Boş duvarlar canlansın diye; her biri üç günümü alıyor. Bohem dekor sevenler için uygundur (özel tasarım).,4,1
266,Takı / Aksesuar,Bu gümüş kolye bana ait. Özel tasarım takı sevenler için uygundur (özel tasarım).,4,1
174,Gıda,"Dünyanın eşi benzeri yok tarhana! Tek adres, en kaliteli. Kalitesiyle rakipsiz, kesinlikle pişman olmayacaksınız.",2,0
468,Tasarım / Dekorasyon,"Makrome duvar süsü (el yapımı dekor, ev dekorasyonu). Doğal pamuk ip ile düğüm düğüm örüyorum. Harika! Müşteri memnuniyeti önceliğimizdir.",3,0
290,Takı / Aksesuar,Elimden makrome bileklik çıkıyor. elde örüyorum; pamuk ip ve doğal taş tercih ediyorum. Denizde bile takılabilsin diye; her biri bir saatte.,4,1
296,Takı / Aksesuar,Uzun zamandır makrome bileklik yapıyorum. Malzeme olarak pamuk ip ve doğal taş seçtim ve elde örüyorum. Denizde bile takılabilsin diye; her biri bir saatte. Yazlık aksesuar arayanlar için uygundur (hediye).,5,1
269,Takı / Aksesuar,"Yeni bir gümüş kolye daha hazır. 925 ayar gümüş tel kullanıyorum, tel sarma tekniğiyle yapıyorum. Özel tasarım takı sevenler için uygundur (hediye, özel tasarım).",4,1
379,Tasarım / Dekorasyon,"ahşap kesme tahtası hazırlıyorum. gıdaya uygun yağla cilalıyorum; ceviz ve kayın ağacı tercih ediyorum. Ayrı bir sanat eseri.
#evdekorasyonu #elyapımıdekor #özeltasarım",4,1
384,Tasarım / Dekorasyon,Uygun fiyata ahşap kesme tahtası.,1,0
134,Gıda,Uzun zamandır domates salçası yapıyorum. Malzeme olarak kendi bahçemizin domatesi seçtim ve güneşte kurutuyorum.,5,1
33,Tekstil / El sanatı,"Bu ekmek torbası bana ait. keten kumaş kullanıyorum, kendim dikiyorum. Ekmeği bayatlatmasın diye; her biri bir saatte bitiyor. Doğal saklama sevenler için uygundur (hediyelik, el emeği, el yapımı).
#hediyelik #elemeği #elyapımı",5,1
349,Takı / Aksesuar,"Sizlere deri anahtarlık hazırladım. Dayanıklı olsun diye; her biri bir saatte. Sade hediye arayanlar için uygundur (el yapımı takı, özel tasarım).",4,1
226,Gıda,"Dünyanın mucize ev makarnası! En kaliteli, yüzde yüz. Kalitesiyle rakipsiz, kesinlikle pişman olmayacaksınız.",3,0
211,Gıda,ev makarnası yapıyorum. elde açıp kesiyorum; köy yumurtası ve un tercih ediyorum. Babaannemin açtığı gibi; her biri yarım gün sürüyor.,4,1
325,Takı / Aksesuar,"boncuk küpe yapıyorum. Malzeme olarak cam boncuk ve pirinç seçtim ve tek tek diziyorum. Bir tanesi yarım günde, Renkleri kendim eşleştirerek yapıyorum. Renkli takı sevenler için uygundur (el yapımı takı, hediye, özel tasarım).",5,1
250,Gıda,"Sizlere kuru kayısı marmelatı hazırladım. Malzeme olarak Malatya kayısısı seçtim ve düşük ateşte kaynatıyorum. Bir tanesi birkaç saatte, Hiç koruyucu katmadan yapıyorum. Muhteşem.
#geleneksel #doğal #evyapımı",4,1
318,Takı / Aksesuar,"Uzun zamandır boncuk küpe yapıyorum. Malzeme olarak cam boncuk ve pirinç seçtim ve tek tek diziyorum. Bir tanesi yarım günde, Renkleri kendim eşleştirerek yapıyorum. Renkli takı sevenler için uygundur (özel tasarım, el yapımı takı, hediye).",5,1
67,Tekstil / El sanatı,"Yeni bir keçe bebek patiği daha hazır. doğal boyalı yün keçe kullanıyorum, elde dikiyorum. Bir tanesi bir günde bir çift, Kızımın ilk patiğinden esinlenerek yapıyorum. Bebek hediyesi arayanlar için uygundur (el yapımı, hediyelik, doğal kumaş). Ayrı bir özen.",4,1
15,Tekstil / El sanatı,bebek battaniyesi hazırlıyorum. tamamen elde örüyorum; organik pamuk ipliği tercih ediyorum. Anneannemden öğrendiğim desenle çalışıyorum; bir tanesi üç günümü alıyor. Mükemmel.,4,1
342,Takı / Aksesuar,"deri anahtarlık yapıyorum. Malzeme olarak hakiki dana derisi seçtim ve kesip elde dikiyorum. Bir tanesi bir saatte, Dayanıklı olsun diye yapıyorum.
#hediye #elyapımıtakı #özeltasarım",4,1
433,Tasarım / Dekorasyon,"Beton saksı — ilmeğinde. Her biri sizler için, ayrı bir sanat eseri. Sevgiyle hazırlandı, göz nuru.",2,0
313,Takı / Aksesuar,"boncuk küpe hazırlıyorum. cam boncuk ve pirinç kullanıyorum, tek tek diziyorum. Bir tanesi yarım günde, Renkleri kendim eşleştirerek yapıyorum. Renkli takı sevenler için uygundur (özel tasarım, hediye).",4,1
93,Tekstil / El sanatı,"örgü atkı yapıyorum. şişle örüyorum; yumuşak merinos yünü tercih ediyorum. Kışın üşüyen boyunlar için; her biri iki günümü alıyor. Sıcak tutan aksesuar sevenler için uygundur (el yapımı, doğal kumaş). Inanılmaz.",4,1
341,Takı / Aksesuar,"Uzun zamandır deri anahtarlık yapıyorum. Malzeme olarak hakiki dana derisi seçtim ve kesip elde dikiyorum. Dayanıklı olsun diye çalışıyorum; bir tanesi bir saatte. Sade hediye arayanlar için uygundur (el yapımı takı, özel tasarım).
#özeltasarım #hediye #elyapımıtakı",5,1
292,Takı / Aksesuar,"Bu makrome bileklik bana ait. Malzeme olarak pamuk ip ve doğal taş seçtim ve elde örüyorum. Yazlık aksesuar arayanlar için uygundur (özel tasarım, el yapımı takı, hediye).",4,1
248,Gıda,"kuru kayısı marmelatı yapıyorum. Bir tanesi birkaç saatte, Hiç koruyucu katmadan yapıyorum.
#evyapımı #katkısız #doğal",5,1
303,Takı / Aksesuar,"Makrome bileklik — ayrı bir sanat eseri. Her biri değer katacak, hayatınıza. Sevgiyle hazırlandı, göz nuru.",2,0
435,Tasarım / Dekorasyon,"Tam size göre beton saksı! Hayran kalacaksınız, efsane! Fırsat kaçmaz — stoklar tükenmeden sipariş verin!",2,0
409,Tasarım / Dekorasyon,"Inanılmaz kuru çiçek panosu! Son fırsat, acele! Mükemmel — stoklar tükenmeden sipariş verin!",3,0
82,Tekstil / El sanatı,"Bu örgü atkı bana ait. Malzeme olarak yumuşak merinos yünü seçtim ve şişle örüyorum. Kışın üşüyen boyunlar için; her biri iki günümü alıyor. Sıcak tutan aksesuar sevenler için uygundur (doğal kumaş, el yapımı).
#elemeği #doğalkumaş #hediyelik",5,1
31,Tekstil / El sanatı,"Sizlere ekmek torbası hazırladım. keten kumaş kullanıyorum, kendim dikiyorum. Ekmeği bayatlatmasın diye çalışıyorum; bir tanesi bir saatte bitiyor. Doğal saklama sevenler için uygundur (el yapımı).
#doğalkumaş #hediyelik #elyapımı",4,1
466,Tasarım / Dekorasyon,Makrome duvar süsü. En uygun fiyatlarla sizlerle. Müşteri memnuniyeti önceliğimizdir.,2,0
58,Tekstil / El sanatı,"Uzun zamandır keçe bebek patiği yapıyorum. doğal boyalı yün keçe kullanıyorum, elde dikiyorum. Bebek hediyesi arayanlar için uygundur (doğal kumaş).",5,1
86,Tekstil / El sanatı,"örgü atkı yapıyorum. Malzeme olarak yumuşak merinos yünü seçtim ve şişle örüyorum. Bir tanesi iki günümü alıyor, Kışın üşüyen boyunlar için yapıyorum.
#doğalkumaş #elyapımı #hediyelik",5,1
420,Tasarım / Dekorasyon,beton saksı hazırlıyorum. kalıba döküp zımparalıyorum; beyaz çimento tercih ediyorum. Modern dekor sevenler için uygundur (ev dekorasyonu).,4,1
245,Gıda,kuru kayısı marmelatı yapıyorum. Malzeme olarak Malatya kayısısı seçtim ve düşük ateşte kaynatıyorum. Hiç koruyucu katmadan çalışıyorum; bir tanesi birkaç saatte. Doğal tatlı arayanlar için uygundur (ev yapımı).,4,1
198,Gıda,"vişne reçeli hazırlıyorum. bakır kazanda pişiriyorum; bahçemizin vişnesi tercih ediyorum. Bir tanesi bir günümü alıyor, Şeker dışında hiçbir şey katmadan yapıyorum. Kahvaltılık doğal reçel sevenler için uygundur (geleneksel, ev yapımı). Sizler için.",4,1
140,Gıda,"Uzun zamandır domates salçası yapıyorum. güneşte kurutuyorum; kendi bahçemizin domatesi tercih ediyorum. Sadece domates ve tuz katıyorum çalışıyorum; bir tanesi bir hafta sürüyor. Katkısız ürün arayanlar için uygundur (katkısız, doğal).",5,1
364,Takı / Aksesuar,"Deri anahtarlık (özel tasarım, el yapımı takı). Hakiki dana derisi ile kesip elde dikiyorum. Inanılmaz! Sizler için özenle seçilmiş ürünler.",3,0
205,Gıda,"Hayran kalacaksınız vişne reçeli! Son fırsat, süper! Fırsat kaçmaz — stoklar tükenmeden sipariş verin!",3,0
206,Gıda,Vişne reçeli. Ürün gamımızı keşfedin. Kaliteli ürünlerimizle hizmetinizdeyiz.,2,0
403,Tasarım / Dekorasyon,Yeni bir kuru çiçek panosu daha hazır. Elimdeki çiçeğe göre her biri farklı çalışıyorum; bir tanesi bir hafta sürüyor. Doğal dekor sevenler için uygundur (el yapımı dekor).,5,1
94,Tekstil / El sanatı,"örgü atkı yapıyorum. Bir tanesi iki günümü alıyor, Kışın üşüyen boyunlar için yapıyorum. Sıcak tutan aksesuar sevenler için uygundur (el yapımı, doğal kumaş, el emeği). Vazgeçilmez.",4,1
176,Gıda,Tarhana var.,3,0
191,Gıda,"Bu vişne reçeli bana ait. Malzeme olarak bahçemizin vişnesi seçtim ve bakır kazanda pişiriyorum. Şeker dışında hiçbir şey katmadan; her biri bir günümü alıyor. Kahvaltılık doğal reçel sevenler için uygundur (ev yapımı, doğal).",5,1
48,Tekstil / El sanatı,"Dünyanın dünyanın en ekmek torbası! En kaliteli, mucize. Kalitesiyle rakipsiz, kesinlikle pişman olmayacaksınız.",2,0
138,Gıda,"domates salçası hazırlıyorum. Malzeme olarak kendi bahçemizin domatesi seçtim ve güneşte kurutuyorum. Sadece domates ve tuz katıyorum çalışıyorum; bir tanesi bir hafta sürüyor. Katkısız ürün arayanlar için uygundur (doğal).
#evyapımı #geleneksel #doğal",5,1
414,Tasarım / Dekorasyon,Kuru çiçek panosu. Siparişleriniz özenle hazırlanır. Ürün gamımızı keşfedin.,1,0
225,Gıda,"Ev makarnası — özenli bir dokunuş. Her biri değer katacak, ayrı bir özen. Sevgiyle hazırlandı, göz nuru.",2,0
393,Tasarım / Dekorasyon,"Yeni bir kuru çiçek panosu daha hazır. Malzeme olarak kendim topladığım çiçekler seçtim ve kurutup çerçeveliyorum. Bir tanesi bir hafta sürüyor, Elimdeki çiçeğe göre her biri farklı yapıyorum. Doğal dekor sevenler için uygundur (el yapımı dekor).",5,1
169,Gıda,"tarhana hazırlıyorum. Malzeme olarak domates biber soğan ve yoğurt seçtim ve geleneksel yöntemle mayalıyorum. Köyümüzün usulüyle çalışıyorum; bir tanesi yirmi gün sürüyor.
#katkısız #evyapımı #doğal",5,1
88,Tekstil / El sanatı,"Uzun zamandır örgü atkı yapıyorum. şişle örüyorum; yumuşak merinos yünü tercih ediyorum. Kışın üşüyen boyunlar için; her biri iki günümü alıyor. Sıcak tutan aksesuar sevenler için uygundur (hediyelik, doğal kumaş).",4,1
332,Takı / Aksesuar,Uygun fiyata boncuk küpe.,2,0
417,Tasarım / Dekorasyon,"Elimden beton saksı çıkıyor. beyaz çimento kullanıyorum, kalıba döküp zımparalıyorum. Sukulentlerime yakışsın diye; her biri iki günde. Modern dekor sevenler için uygundur (özel tasarım, ev dekorasyonu, el yapımı dekor).
#özeltasarım #elyapımıdekor #evdekorasyonu",5,1
411,Tasarım / Dekorasyon,"Kuru çiçek panosu — göz nuru. Her biri vazgeçilmez, sizler için. Sevgiyle hazırlandı, göz nuru.",1,0
422,Tasarım / Dekorasyon,"Bu beton saksı bana ait. beyaz çimento kullanıyorum, kalıba döküp zımparalıyorum. Bir tanesi iki günde, Sukulentlerime yakışsın diye yapıyorum. Modern dekor sevenler için uygundur (el yapımı dekor).",5,1
24,Tekstil / El sanatı,Bebek battaniyesi. Müşteri memnuniyeti önceliğimizdir. Ürün gamımızı keşfedin.,2,0
49,Tekstil / El sanatı,"Acele ekmek torbası! Süper, son fırsat! Muhteşem — stoklar tükenmeden sipariş verin!",2,0
436,Tasarım / Dekorasyon,Beton saksı var.,1,0
219,Gıda,"Uzun zamandır ev makarnası yapıyorum. Malzeme olarak köy yumurtası ve un seçtim ve elde açıp kesiyorum. Bir tanesi yarım gün sürüyor, Babaannemin açtığı gibi yapıyorum. El yapımı erişte sevenler için uygundur (ev yapımı).",5,1
161,Gıda,"tarhana yapıyorum. Malzeme olarak domates biber soğan ve yoğurt seçtim ve geleneksel yöntemle mayalıyorum. Köyümüzün usulüyle çalışıyorum; bir tanesi yirmi gün sürüyor. Kış hazırlığı yapanlar için uygundur (katkısız, doğal).",5,1
347,Takı / Aksesuar,"Uzun zamandır deri anahtarlık yapıyorum. Malzeme olarak hakiki dana derisi seçtim ve kesip elde dikiyorum. Bir tanesi bir saatte, Dayanıklı olsun diye yapıyorum. Sade hediye arayanlar için uygundur (özel tasarım, el yapımı takı).",4,1
185,Gıda,"Bu vişne reçeli bana ait. Şeker dışında hiçbir şey katmadan; her biri bir günümü alıyor. Kahvaltılık doğal reçel sevenler için uygundur (doğal).
#geleneksel #doğal #evyapımı",5,1
149,Gıda,"Mükemmel domates salçası! Son fırsat, kaçırmayın! Inanılmaz — stoklar tükenmeden sipariş verin!",1,0
388,Tasarım / Dekorasyon,Ahşap kesme tahtası. Sizler için özenle seçilmiş ürünler. Siparişleriniz özenle hazırlanır.,3,0
90,Tekstil / El sanatı,"Uzun zamandır örgü atkı yapıyorum. yumuşak merinos yünü kullanıyorum, şişle örüyorum. Bir tanesi iki günümü alıyor, Kışın üşüyen boyunlar için yapıyorum.",5,1
368,Tasarım / Dekorasyon,"Bu ahşap kesme tahtası bana ait. gıdaya uygun yağla cilalıyorum; ceviz ve kayın ağacı tercih ediyorum. Mutfak hediyesi arayanlar için uygundur (el yapımı dekor).
#elyapımıdekor #özeltasarım #evdekorasyonu",5,1
26,Tekstil / El sanatı,"Bebek battaniyesi (doğal kumaş, el yapımı). Organik pamuk ipliği ile tamamen elde örüyorum. Muhteşem! Kaliteli ürünlerimizle hizmetinizdeyiz.",3,0
238,Gıda,"Bu kuru kayısı marmelatı bana ait. Hiç koruyucu katmadan çalışıyorum; bir tanesi birkaç saatte. Doğal tatlı arayanlar için uygundur (doğal, katkısız).",5,1
136,Gıda,"Sizlere domates salçası hazırladım. güneşte kurutuyorum; kendi bahçemizin domatesi tercih ediyorum. Sadece domates ve tuz katıyorum çalışıyorum; bir tanesi bir hafta sürüyor. Katkısız ürün arayanlar için uygundur (ev yapımı, doğal).",4,1
390,Tasarım / Dekorasyon,"Ahşap kesme tahtası (ev dekorasyonu, el yapımı dekor). Ceviz ve kayın ağacı ile gıdaya uygun yağla cilalıyorum. Muhteşem! Müşteri memnuniyeti önceliğimizdir.",3,0
234,Gıda,"Ev makarnası (katkısız, doğal). Köy yumurtası ve un ile elde açıp kesiyorum. Fırsat kaçmaz! Ürün gamımızı keşfedin.",3,0
119,Tekstil / El sanatı,Sizlere nakışlı yastık kılıfı hazırladım. Malzeme olarak pamuklu kumaş seçtim ve iğne oyasıyla işliyorum. Annemin çeyizindeki motiflerle çalışıyorum; bir tanesi beş gün sürüyor. Emek ve özen.,4,1
330,Takı / Aksesuar,"Dünyanın kesin sonuç boncuk küpe! En kaliteli, tek adres. Kalitesiyle rakipsiz, kesinlikle pişman olmayacaksınız.",1,0
132,Gıda,"domates salçası yapıyorum. güneşte kurutuyorum; kendi bahçemizin domatesi tercih ediyorum. Sadece domates ve tuz katıyorum; her biri bir hafta sürüyor. Katkısız ürün arayanlar için uygundur (katkısız, doğal).",5,1
418,Tasarım / Dekorasyon,"Yeni bir beton saksı daha hazır. beyaz çimento kullanıyorum, kalıba döküp zımparalıyorum. Bir tanesi iki günde, Sukulentlerime yakışsın diye yapıyorum. Modern dekor sevenler için uygundur (ev dekorasyonu, el yapımı dekor, özel tasarım).",5,1
39,Tekstil / El sanatı,"Sizlere ekmek torbası hazırladım. keten kumaş kullanıyorum, kendim dikiyorum. Ekmeği bayatlatmasın diye; her biri bir saatte bitiyor.",4,1
408,Tasarım / Dekorasyon,"Dünyanın birebir kuru çiçek panosu! Piyasanın en, yüzde yüz. Kalitesiyle rakipsiz, kesinlikle pişman olmayacaksınız.",2,0
47,Tekstil / El sanatı,"Ekmek torbası — ilmeğinde. Her biri ayrı bir özen, hayatınıza. Sevgiyle hazırlandı, göz nuru.",2,0
77,Tekstil / El sanatı,"Keçe bebek patiği (el emeği, doğal kumaş). Doğal boyalı yün keçe ile elde dikiyorum. Mükemmel! Siparişleriniz özenle hazırlanır.",3,0
253,Gıda,"Bayılacaksınız kuru kayısı marmelatı! Inanılmaz, kaçırmayın! Efsane — stoklar tükenmeden sipariş verin!",2,0
343,Takı / Aksesuar,"Uzun zamandır deri anahtarlık yapıyorum. hakiki dana derisi kullanıyorum, kesip elde dikiyorum. Dayanıklı olsun diye çalışıyorum; bir tanesi bir saatte.",5,1
294,Takı / Aksesuar,makrome bileklik yapıyorum. Denizde bile takılabilsin diye çalışıyorum; bir tanesi bir saatte. Yazlık aksesuar arayanlar için uygundur (hediye).,5,1
57,Tekstil / El sanatı,"Uzun zamandır keçe bebek patiği yapıyorum. doğal boyalı yün keçe kullanıyorum, elde dikiyorum. Kızımın ilk patiğinden esinlenerek çalışıyorum; bir tanesi bir günde bir çift. Bebek hediyesi arayanlar için uygundur (doğal kumaş).",5,1
46,Tekstil / El sanatı,Uygun fiyata ekmek torbası.,3,0
344,Takı / Aksesuar,Yeni bir deri anahtarlık daha hazır. Malzeme olarak hakiki dana derisi seçtim ve kesip elde dikiyorum. Dayanıklı olsun diye; her biri bir saatte.,5,1
7,Tekstil / El sanatı,Bu bebek battaniyesi bana ait. Malzeme olarak organik pamuk ipliği seçtim ve tamamen elde örüyorum. Anneannemden öğrendiğim desenle çalışıyorum; bir tanesi üç günümü alıyor.,5,1
2,Tekstil / El sanatı,"Bu bebek battaniyesi bana ait. organik pamuk ipliği kullanıyorum, tamamen elde örüyorum. Anneannemden öğrendiğim desenle çalışıyorum; bir tanesi üç günümü alıyor. Yeni doğan hediyesi arayanlar için uygundur (el yapımı, hediyelik, doğal kumaş).",5,1
121,Tekstil / El sanatı,"Nakışlı yastık kılıfı — anlamlı bir hediye. Her biri hayatınıza, ayrı bir sanat eseri. Sevgiyle hazırlandı, göz nuru.",1,0
170,Gıda,"Uzun zamandır tarhana yapıyorum. Malzeme olarak domates biber soğan ve yoğurt seçtim ve geleneksel yöntemle mayalıyorum. Bir tanesi yirmi gün sürüyor, Köyümüzün usulüyle yapıyorum. Kış hazırlığı yapanlar için uygundur (geleneksel, katkısız).",4,1
247,Gıda,"Uzun zamandır kuru kayısı marmelatı yapıyorum. düşük ateşte kaynatıyorum; Malatya kayısısı tercih ediyorum. Hiç koruyucu katmadan; her biri birkaç saatte. Doğal tatlı arayanlar için uygundur (ev yapımı).
#evyapımı #geleneksel #katkısız",4,1
353,Takı / Aksesuar,"Uzun zamandır deri anahtarlık yapıyorum. Malzeme olarak hakiki dana derisi seçtim ve kesip elde dikiyorum. Dayanıklı olsun diye çalışıyorum; bir tanesi bir saatte. Sade hediye arayanlar için uygundur (hediye, el yapımı takı). Ilmeğinde.
#elyapımıtakı #hediye #özeltasarım",4,1
107,Tekstil / El sanatı,"Uzun zamandır nakışlı yastık kılıfı yapıyorum. Annemin çeyizindeki motiflerle; her biri beş gün sürüyor.
#elemeği #doğalkumaş #elyapımı",5,1
400,Tasarım / Dekorasyon,"Elimden kuru çiçek panosu çıkıyor. Malzeme olarak kendim topladığım çiçekler seçtim ve kurutup çerçeveliyorum. Bir tanesi bir hafta sürüyor, Elimdeki çiçeğe göre her biri farklı yapıyorum. Doğal dekor sevenler için uygundur (ev dekorasyonu, özel tasarım, el yapımı dekor).",5,1
431,Tasarım / Dekorasyon,"Yeni bir beton saksı daha hazır. kalıba döküp zımparalıyorum; beyaz çimento tercih ediyorum. Modern dekor sevenler için uygundur (ev dekorasyonu, özel tasarım). Harika.",4,1
21,Tekstil / El sanatı,"Bebek battaniyesi — ilmeğinde. Her biri sevgiyle hazırlan, sizler için. Sevgiyle hazırlandı, göz nuru.",1,0
83,Tekstil / El sanatı,"Bu örgü atkı bana ait. şişle örüyorum; yumuşak merinos yünü tercih ediyorum. Sıcak tutan aksesuar sevenler için uygundur (hediyelik, el emeği, doğal kumaş).
#elyapımı #hediyelik #doğalkumaş",5,1
152,Gıda,"Dünyanın rakipsiz domates salçası! En kaliteli, yüzde yüz. Kalitesiyle rakipsiz, kesinlikle pişman olmayacaksınız.",1,0
210,Gıda,"ev makarnası yapıyorum. elde açıp kesiyorum; köy yumurtası ve un tercih ediyorum. Babaannemin açtığı gibi çalışıyorum; bir tanesi yarım gün sürüyor. El yapımı erişte sevenler için uygundur (doğal, geleneksel, katkısız).
#evyapımı #katkısız #geleneksel",5,1
361,Takı / Aksesuar,"Acele deri anahtarlık! Son fırsat, kaçırmayın! Inanılmaz — stoklar tükenmeden sipariş verin!",1,0
184,Gıda,"Uzun zamandır vişne reçeli yapıyorum. bakır kazanda pişiriyorum; bahçemizin vişnesi tercih ediyorum. Şeker dışında hiçbir şey katmadan; her biri bir günümü alıyor.
#doğal #evyapımı #katkısız",5,1
104,Tekstil / El sanatı,"Örgü atkı (hediyelik, doğal kumaş). Yumuşak merinos yünü ile şişle örüyorum. Hayran kalacaksınız! En uygun fiyatlarla sizlerle.",3,0
268,Takı / Aksesuar,"gümüş kolye yapıyorum. Malzeme olarak 925 ayar gümüş tel seçtim ve tel sarma tekniğiyle yapıyorum.
#hediye #özeltasarım #elyapımıtakı",4,1
135,Gıda,"Bu domates salçası bana ait. güneşte kurutuyorum; kendi bahçemizin domatesi tercih ediyorum. Bir tanesi bir hafta sürüyor, Sadece domates ve tuz katıyorum yapıyorum. Katkısız ürün arayanlar için uygundur (geleneksel).
#doğal #evyapımı #katkısız",5,1
103,Tekstil / El sanatı,"Örgü atkı (doğal kumaş, el emeği). Yumuşak merinos yünü ile şişle örüyorum. Harika! Müşteri memnuniyeti önceliğimizdir.",3,0
312,Takı / Aksesuar,"Makrome bileklik (el yapımı takı, hediye). Pamuk ip ve doğal taş ile elde örüyorum. Efsane! Sizler için özenle seçilmiş ürünler.",3,0
102,Tekstil / El sanatı,Örgü atkı. Kaliteli ürünlerimizle hizmetinizdeyiz. En uygun fiyatlarla sizlerle.,1,0
255,Gıda,"Kuru kayısı marmelatı — anlamlı bir hediye. Her biri özenle hazırlan, değer katacak. Sevgiyle hazırlandı, göz nuru.",2,0
55,Tekstil / El sanatı,"Sizlere keçe bebek patiği hazırladım. Malzeme olarak doğal boyalı yün keçe seçtim ve elde dikiyorum. Kızımın ilk patiğinden esinlenerek; her biri bir günde bir çift. Bebek hediyesi arayanlar için uygundur (el yapımı, doğal kumaş).
#elemeği #elyapımı #hediyelik",4,1
402,Tasarım / Dekorasyon,"kuru çiçek panosu hazırlıyorum. kendim topladığım çiçekler kullanıyorum, kurutup çerçeveliyorum. Doğal dekor sevenler için uygundur (el yapımı dekor).
#özeltasarım #elyapımıdekor #evdekorasyonu",5,1
59,Tekstil / El sanatı,Bu keçe bebek patiği bana ait. elde dikiyorum; doğal boyalı yün keçe tercih ediyorum. Kızımın ilk patiğinden esinlenerek; her biri bir günde bir çift.,5,1
145,Gıda,Uzun zamandır domates salçası yapıyorum. güneşte kurutuyorum; kendi bahçemizin domatesi tercih ediyorum. Sadece domates ve tuz katıyorum çalışıyorum; bir tanesi bir hafta sürüyor. Göz nuru.,4,1
61,Tekstil / El sanatı,"keçe bebek patiği hazırlıyorum. doğal boyalı yün keçe kullanıyorum, elde dikiyorum. Kızımın ilk patiğinden esinlenerek çalışıyorum; bir tanesi bir günde bir çift. Bebek hediyesi arayanlar için uygundur (el emeği, hediyelik).",5,1
317,Takı / Aksesuar,"Uzun zamandır boncuk küpe yapıyorum. tek tek diziyorum; cam boncuk ve pirinç tercih ediyorum. Renkleri kendim eşleştirerek; her biri yarım günde.
#hediye #elyapımıtakı #özeltasarım",4,1
369,Tasarım / Dekorasyon,"Bu ahşap kesme tahtası bana ait. Malzeme olarak ceviz ve kayın ağacı seçtim ve gıdaya uygun yağla cilalıyorum. Bir tanesi iki günümü alıyor, Isteyene isim yazarak yapıyorum. Mutfak hediyesi arayanlar için uygundur (özel tasarım, ev dekorasyonu).",5,1
262,Takı / Aksesuar,Bu gümüş kolye bana ait. Malzeme olarak 925 ayar gümüş tel seçtim ve tel sarma tekniğiyle yapıyorum. Her biri tek olsun diye; her biri bir günümü alıyor.,4,1
54,Tekstil / El sanatı,Bu keçe bebek patiği bana ait. elde dikiyorum; doğal boyalı yün keçe tercih ediyorum. Kızımın ilk patiğinden esinlenerek; her biri bir günde bir çift. Bebek hediyesi arayanlar için uygundur (doğal kumaş).,4,1
215,Gıda,"Elimden ev makarnası çıkıyor. köy yumurtası ve un kullanıyorum, elde açıp kesiyorum. Babaannemin açtığı gibi çalışıyorum; bir tanesi yarım gün sürüyor. El yapımı erişte sevenler için uygundur (katkısız).
#katkısız #geleneksel #doğal",4,1
71,Tekstil / El sanatı,"Muhteşem keçe bebek patiği! Büyük indirim, hayran kalacaksınız! Efsane — stoklar tükenmeden sipariş verin!",1,0
359,Takı / Aksesuar,"Deri anahtarlık — ayrı bir sanat eseri. Her biri değer katacak, sizler için. Sevgiyle hazırlandı, göz nuru.",2,0
311,Takı / Aksesuar,"Makrome bileklik (hediye, el yapımı takı). Pamuk ip ve doğal taş ile elde örüyorum. Son fırsat! En uygun fiyatlarla sizlerle.",3,0
319,Takı / Aksesuar,"Yeni bir boncuk küpe daha hazır. tek tek diziyorum; cam boncuk ve pirinç tercih ediyorum. Renkli takı sevenler için uygundur (hediye, özel tasarım).",5,1
139,Gıda,"Yeni bir domates salçası daha hazır. Malzeme olarak kendi bahçemizin domatesi seçtim ve güneşte kurutuyorum. Sadece domates ve tuz katıyorum çalışıyorum; bir tanesi bir hafta sürüyor. Katkısız ürün arayanlar için uygundur (ev yapımı, geleneksel).",4,1
267,Takı / Aksesuar,"Yeni bir gümüş kolye daha hazır. Malzeme olarak 925 ayar gümüş tel seçtim ve tel sarma tekniğiyle yapıyorum. Bir tanesi bir günümü alıyor, Her biri tek olsun diye yapıyorum.",5,1
340,Takı / Aksesuar,"deri anahtarlık yapıyorum. hakiki dana derisi kullanıyorum, kesip elde dikiyorum. Dayanıklı olsun diye çalışıyorum; bir tanesi bir saatte. Sade hediye arayanlar için uygundur (hediye, özel tasarım).",5,1
52,Tekstil / El sanatı,"Ekmek torbası (el emeği, el yapımı). Keten kumaş ile kendim dikiyorum. Bayılacaksınız! Siparişleriniz özenle hazırlanır.",3,0
443,Tasarım / Dekorasyon,"makrome duvar süsü yapıyorum. Malzeme olarak doğal pamuk ip seçtim ve düğüm düğüm örüyorum. Boş duvarlar canlansın diye; her biri üç günümü alıyor.
#elyapımıdekor #özeltasarım #evdekorasyonu",5,1
216,Gıda,"ev makarnası hazırlıyorum. Malzeme olarak köy yumurtası ve un seçtim ve elde açıp kesiyorum. Babaannemin açtığı gibi; her biri yarım gün sürüyor. El yapımı erişte sevenler için uygundur (ev yapımı, doğal).",5,1
155,Gıda,"Domates salçası (doğal, katkısız). Kendi bahçemizin domatesi ile güneşte kurutuyorum. Harika! Müşteri memnuniyeti önceliğimizdir.",3,0
5,Tekstil / El sanatı,"bebek battaniyesi hazırlıyorum. Malzeme olarak organik pamuk ipliği seçtim ve tamamen elde örüyorum. Yeni doğan hediyesi arayanlar için uygundur (el emeği, hediyelik).",5,1
323,Takı / Aksesuar,"Sizlere boncuk küpe hazırladım. tek tek diziyorum; cam boncuk ve pirinç tercih ediyorum. Renkli takı sevenler için uygundur (el yapımı takı, özel tasarım).",4,1
352,Takı / Aksesuar,"Sizlere deri anahtarlık hazırladım. kesip elde dikiyorum; hakiki dana derisi tercih ediyorum. Bir tanesi bir saatte, Dayanıklı olsun diye yapıyorum. Sade hediye arayanlar için uygundur (el yapımı takı, özel tasarım).",4,1
356,Takı / Aksesuar,"Dünyanın birebir deri anahtarlık! En kaliteli, rakipsiz. Kalitesiyle rakipsiz, kesinlikle pişman olmayacaksınız.",2,0
106,Tekstil / El sanatı,"nakışlı yastık kılıfı yapıyorum. Annemin çeyizindeki motiflerle çalışıyorum; bir tanesi beş gün sürüyor. El işi dekor sevenler için uygundur (el emeği, doğal kumaş, el yapımı).
#elyapımı #elemeği #doğalkumaş",4,1
79,Tekstil / El sanatı,"Yeni bir örgü atkı daha hazır. şişle örüyorum; yumuşak merinos yünü tercih ediyorum. Kışın üşüyen boyunlar için; her biri iki günümü alıyor.
#doğalkumaş #elyapımı #elemeği",5,1
360,Takı / Aksesuar,"Dünyanın eşi benzeri yok deri anahtarlık! Piyasanın en, birebir. Kalitesiyle rakipsiz, kesinlikle pişman olmayacaksınız.",3,0
243,Gıda,"Yeni bir kuru kayısı marmelatı daha hazır. Malatya kayısısı kullanıyorum, düşük ateşte kaynatıyorum. Bir tanesi birkaç saatte, Hiç koruyucu katmadan yapıyorum. Doğal tatlı arayanlar için uygundur (ev yapımı, katkısız, doğal).",4,1
130,Tekstil / El sanatı,"Nakışlı yastık kılıfı (doğal kumaş, hediyelik). Pamuklu kumaş ile iğne oyasıyla işliyorum. Süper! Kaliteli ürünlerimizle hizmetinizdeyiz.",3,0
281,Takı / Aksesuar,"Gümüş kolye — eşsiz bir deneyim. Her biri değer katacak, anlamlı bir hediye. Sevgiyle hazırlandı, göz nuru.",1,0
459,Tasarım / Dekorasyon,"Makrome duvar süsü — ilmeğinde. Her biri değer katacak, hayatınıza. Sevgiyle hazırlandı, göz nuru.",2,0
195,Gıda,"vişne reçeli hazırlıyorum. Şeker dışında hiçbir şey katmadan; her biri bir günümü alıyor. Kahvaltılık doğal reçel sevenler için uygundur (doğal, ev yapımı).
#doğal #evyapımı #katkısız",5,1
228,Gıda,Ev makarnası satılık.,1,0
214,Gıda,"Elimden ev makarnası çıkıyor. Bir tanesi yarım gün sürüyor, Babaannemin açtığı gibi yapıyorum.",5,1
60,Tekstil / El sanatı,"Uzun zamandır keçe bebek patiği yapıyorum. doğal boyalı yün keçe kullanıyorum, elde dikiyorum. Bir tanesi bir günde bir çift, Kızımın ilk patiğinden esinlenerek yapıyorum. Bebek hediyesi arayanlar için uygundur (doğal kumaş, hediyelik, el yapımı).
#hediyelik #elyapımı #elemeği",5,1
354,Takı / Aksesuar,"Bu deri anahtarlık bana ait. hakiki dana derisi kullanıyorum, kesip elde dikiyorum. Bir tanesi bir saatte, Dayanıklı olsun diye yapıyorum. Sade hediye arayanlar için uygundur (özel tasarım). Harika.
#özeltasarım #elyapımıtakı #hediye",4,1
444,Tasarım / Dekorasyon,"makrome duvar süsü yapıyorum. Bir tanesi üç günümü alıyor, Boş duvarlar canlansın diye yapıyorum. Bohem dekor sevenler için uygundur (ev dekorasyonu, özel tasarım).
#elyapımıdekor #özeltasarım #evdekorasyonu",5,1
11,Tekstil / El sanatı,Elimden bebek battaniyesi çıkıyor. Malzeme olarak organik pamuk ipliği seçtim ve tamamen elde örüyorum. Anneannemden öğrendiğim desenle çalışıyorum; bir tanesi üç günümü alıyor.,5,1
429,Tasarım / Dekorasyon,"Elimden beton saksı çıkıyor. beyaz çimento kullanıyorum, kalıba döküp zımparalıyorum. Sukulentlerime yakışsın diye çalışıyorum; bir tanesi iki günde.
#özeltasarım #elyapımıdekor #evdekorasyonu",5,1
335,Takı / Aksesuar,"Inanılmaz boncuk küpe! Efsane, muhteşem! Mükemmel — stoklar tükenmeden sipariş verin!",2,0
56,Tekstil / El sanatı,"Elimden keçe bebek patiği çıkıyor. Kızımın ilk patiğinden esinlenerek çalışıyorum; bir tanesi bir günde bir çift. Bebek hediyesi arayanlar için uygundur (doğal kumaş, hediyelik).",5,1
339,Takı / Aksesuar,"Bu deri anahtarlık bana ait. Malzeme olarak hakiki dana derisi seçtim ve kesip elde dikiyorum. Sade hediye arayanlar için uygundur (hediye).
#elyapımıtakı #özeltasarım #hediye",5,1
446,Tasarım / Dekorasyon,"makrome duvar süsü yapıyorum. doğal pamuk ip kullanıyorum, düğüm düğüm örüyorum. Bohem dekor sevenler için uygundur (el yapımı dekor).",5,1
305,Takı / Aksesuar,"Bayılacaksınız makrome bileklik! Kaçırmayın, hemen alın! Hayran kalacaksınız — stoklar tükenmeden sipariş verin!",3,0
25,Tekstil / El sanatı,"Bebek battaniyesi (doğal kumaş, el yapımı). Organik pamuk ipliği ile tamamen elde örüyorum. Hayran kalacaksınız! En uygun fiyatlarla sizlerle.",3,0
320,Takı / Aksesuar,"Bu boncuk küpe bana ait. tek tek diziyorum; cam boncuk ve pirinç tercih ediyorum. Renkleri kendim eşleştirerek; her biri yarım günde. Renkli takı sevenler için uygundur (hediye, el yapımı takı, özel tasarım).",5,1
274,Takı / Aksesuar,"Sizlere gümüş kolye hazırladım. Bir tanesi bir günümü alıyor, Her biri tek olsun diye yapıyorum.",5,1
395,Tasarım / Dekorasyon,"Elimden kuru çiçek panosu çıkıyor. kendim topladığım çiçekler kullanıyorum, kurutup çerçeveliyorum. Elimdeki çiçeğe göre her biri farklı çalışıyorum; bir tanesi bir hafta sürüyor. Doğal dekor sevenler için uygundur (el yapımı dekor).",4,1
131,Gıda,"Yeni bir domates salçası daha hazır. güneşte kurutuyorum; kendi bahçemizin domatesi tercih ediyorum. Bir tanesi bir hafta sürüyor, Sadece domates ve tuz katıyorum yapıyorum. Katkısız ürün arayanlar için uygundur (doğal, geleneksel).",5,1
328,Takı / Aksesuar,"Yeni bir boncuk küpe daha hazır. cam boncuk ve pirinç kullanıyorum, tek tek diziyorum. Renkleri kendim eşleştirerek çalışıyorum; bir tanesi yarım günde. Renkli takı sevenler için uygundur (el yapımı takı, özel tasarım). Harika.",4,1
449,Tasarım / Dekorasyon,"Uzun zamandır makrome duvar süsü yapıyorum. Malzeme olarak doğal pamuk ip seçtim ve düğüm düğüm örüyorum. Bir tanesi üç günümü alıyor, Boş duvarlar canlansın diye yapıyorum. Bohem dekor sevenler için uygundur (el yapımı dekor, özel tasarım, ev dekorasyonu).",5,1
193,Gıda,"Elimden vişne reçeli çıkıyor. Malzeme olarak bahçemizin vişnesi seçtim ve bakır kazanda pişiriyorum. Şeker dışında hiçbir şey katmadan; her biri bir günümü alıyor. Kahvaltılık doğal reçel sevenler için uygundur (doğal, ev yapımı, geleneksel).
#katkısız #doğal #geleneksel",5,1
20,Tekstil / El sanatı,Uygun fiyata bebek battaniyesi.,2,0
406,Tasarım / Dekorasyon,"Yeni bir kuru çiçek panosu daha hazır. kurutup çerçeveliyorum; kendim topladığım çiçekler tercih ediyorum. Doğal dekor sevenler için uygundur (özel tasarım, ev dekorasyonu). Özenle hazırlan.
#elyapımıdekor #özeltasarım #evdekorasyonu",4,1
334,Takı / Aksesuar,"Dünyanın eşi benzeri yok boncuk küpe! Birebir, dünyanın en. Kalitesiyle rakipsiz, kesinlikle pişman olmayacaksınız.",1,0
365,Tasarım / Dekorasyon,"Sizlere ahşap kesme tahtası hazırladım. Malzeme olarak ceviz ve kayın ağacı seçtim ve gıdaya uygun yağla cilalıyorum. Isteyene isim yazarak; her biri iki günümü alıyor. Mutfak hediyesi arayanlar için uygundur (ev dekorasyonu, el yapımı dekor, özel tasarım).",4,1
188,Gıda,"vişne reçeli yapıyorum. bakır kazanda pişiriyorum; bahçemizin vişnesi tercih ediyorum. Şeker dışında hiçbir şey katmadan çalışıyorum; bir tanesi bir günümü alıyor.
#katkısız #evyapımı #geleneksel",4,1
64,Tekstil / El sanatı,"Yeni bir keçe bebek patiği daha hazır. doğal boyalı yün keçe kullanıyorum, elde dikiyorum. Bebek hediyesi arayanlar için uygundur (el yapımı, el emeği, doğal kumaş).",5,1
87,Tekstil / El sanatı,"Uzun zamandır örgü atkı yapıyorum. Malzeme olarak yumuşak merinos yünü seçtim ve şişle örüyorum. Kışın üşüyen boyunlar için çalışıyorum; bir tanesi iki günümü alıyor. Sıcak tutan aksesuar sevenler için uygundur (hediyelik).
#doğalkumaş #hediyelik #elyapımı",5,1
259,Gıda,"Kuru kayısı marmelatı (doğal, geleneksel). Malatya kayısısı ile düşük ateşte kaynatıyorum. Inanılmaz! Müşteri memnuniyeti önceliğimizdir.",3,0
302,Takı / Aksesuar,"makrome bileklik hazırlıyorum. Malzeme olarak pamuk ip ve doğal taş seçtim ve elde örüyorum. Denizde bile takılabilsin diye çalışıyorum; bir tanesi bir saatte. Yazlık aksesuar arayanlar için uygundur (özel tasarım, hediye, el yapımı takı). Ilmeğinde.",4,1
12,Tekstil / El sanatı,"Yeni bir bebek battaniyesi daha hazır. Anneannemden öğrendiğim desenle çalışıyorum; bir tanesi üç günümü alıyor. Yeni doğan hediyesi arayanlar için uygundur (hediyelik, doğal kumaş, el emeği).",5,1
376,Tasarım / Dekorasyon,"ahşap kesme tahtası hazırlıyorum. ceviz ve kayın ağacı kullanıyorum, gıdaya uygun yağla cilalıyorum. Isteyene isim yazarak çalışıyorum; bir tanesi iki günümü alıyor. Mutfak hediyesi arayanlar için uygundur (özel tasarım, ev dekorasyonu, el yapımı dekor).",5,1
109,Tekstil / El sanatı,"nakışlı yastık kılıfı hazırlıyorum. Malzeme olarak pamuklu kumaş seçtim ve iğne oyasıyla işliyorum. Annemin çeyizindeki motiflerle; her biri beş gün sürüyor. El işi dekor sevenler için uygundur (el emeği, doğal kumaş).
#doğalkumaş #elemeği #hediyelik",4,1
68,Tekstil / El sanatı,"Elimden keçe bebek patiği çıkıyor. Malzeme olarak doğal boyalı yün keçe seçtim ve elde dikiyorum. Kızımın ilk patiğinden esinlenerek çalışıyorum; bir tanesi bir günde bir çift. Bebek hediyesi arayanlar için uygundur (el yapımı, hediyelik). Emek ve özen.",4,1
373,Tasarım / Dekorasyon,"Bu ahşap kesme tahtası bana ait. Malzeme olarak ceviz ve kayın ağacı seçtim ve gıdaya uygun yağla cilalıyorum. Bir tanesi iki günümü alıyor, Isteyene isim yazarak yapıyorum. Mutfak hediyesi arayanlar için uygundur (özel tasarım).
#elyapımıdekor #özeltasarım #evdekorasyonu",5,1
115,Tekstil / El sanatı,"nakışlı yastık kılıfı hazırlıyorum. iğne oyasıyla işliyorum; pamuklu kumaş tercih ediyorum. Annemin çeyizindeki motiflerle; her biri beş gün sürüyor. El işi dekor sevenler için uygundur (el emeği, el yapımı).",5,1
