id,kategori,anlatim
1,Tekstil / El sanatı,"El örgüsü bebek battaniyesi yapıyorum. Organik pamuk ipliği kullanıyorum, tamamen elde örüyorum. Bir tanesi yaklaşık üç günümü alıyor. Anneannemden öğrendiğim bir desen kullanıyorum."
2,Tekstil / El sanatı,"Keten kumaştan ekmek torbası dikiyorum. Yıkanabilir, ekmeği bayatlatmıyor. Kendi diktiğim için ölçüsünü isteyen istediği gibi verebiliyor."
3,Gıda,"Ev yapımı domates salçası. Kendi bahçemizin domatesi, güneşte kurutuyorum. Hiçbir katkı maddesi yok, sadece domates ve tuz. 700 gramlık kavanozlarda satıyorum."
4,Gıda,"Tarhana yapıyorum, tamamen geleneksel yöntemle. Domates biber soğan ve yoğurdu kendim mayalıyorum, sonra güneşte kurutup eleğe vuruyorum. Bir partisi yirmi gün sürüyor."
5,Takı / Aksesuar,"Gümüş tel sarma tekniğiyle kolye yapıyorum. 925 ayar gümüş tel kullanıyorum, taşları doğal taş. Her kolye tek, aynısından ikinci bir tane olmuyor."
6,Takı / Aksesuar,"Makrome bileklik örüyorum. Pamuk ip ve doğal taş kullanıyorum. Su geçirse de bozulmuyor, yazın denizde takılabiliyor."
7,Tasarım / Dekorasyon,"Ahşap kesme tahtası yapıyorum. Ceviz ve kayın ağacı kullanıyorum, gıdaya uygun yağla cilalıyorum. İsteyene isim yazıyorum."
8,Tasarım / Dekorasyon,"Kuru çiçeklerden duvar panosu hazırlıyorum. Çiçekleri kendim topluyorum, kendim kurutuyorum. Her pano ayrı oluyor çünkü elimdeki çiçeğe göre yapıyorum."
9,Tekstil / El sanatı,"Keçeden bebek patiği yapıyorum. Yün keçe kullanıyorum, boyası doğal. Bir çiftini bir günde bitiriyorum."
10,Gıda,"Vişne reçeli yapıyorum. Bahçemizin vişnesi, şeker dışında hiçbir şey katmıyorum. 400 gramlık cam kavanozlarda."
